capture:job-quick-status-8798e893b3
choices:QuickStatus:1=Page Key|2=Background Colour|3=Text Colour
choices:ScreenColours:0=Black|1=White|2=Red|3=Green|4=Blue|5=Cyan|6=Magenta|7=Yellow
choices:KeyColours:0=None|1=White|2=Red|3=Green|4=Blue|5=Cyan|6=Magenta|7=Yellow|8=Orange
palette:0,0,0:0,0,0:0,0,0:0,0,0:validation=ok:model-choices=0,1,2,3,4,5,6,7,8:choices=0,1,2,3,4,5,6,7,8
palette:0,0,3:3,3,3:3,3,3:3,3,3:validation=ok:model-choices=0,1,2,3,4,5,6,7,8:choices=0,1,2,3,4,5,6,7,8
palette:0,0,8:8,8,8:8,8,8:8,8,8:validation=ok:model-choices=0,1,2,3,4,5,6,7,8:choices=0,1,2,3,4,5,6,7,8
palette:0,1,0:0,0,0:0,0,0:0,0,0:validation=ok:model-choices=0,1,2,3,4,5,6,7,8:choices=0,1,2,3,4,5,6,7,8
palette:0,1,3:3,3,3:3,3,3:3,3,3:validation=ok:model-choices=0,1,2,3,4,5,6,7,8:choices=0,1,2,3,4,5,6,7,8
palette:0,1,8:8,8,8:8,8,8:8,8,8:validation=ok:model-choices=0,1,2,3,4,5,6,7,8:choices=0,1,2,3,4,5,6,7,8
palette:0,2,0:0,0,0:0,0,0:0,0,0:validation=ok:model-choices=0,1,2,3,4,5,6,7:choices=0,1,2,3,4,5,6,7
palette:0,2,3:3,3,3:3,3,3:3,3,3:validation=ok:model-choices=0,1,2,3,4,5,6,7:choices=0,1,2,3,4,5,6,7
palette:0,2,8:8,8,8:8,-1,:8,-1,:validation=ok:model-choices=0,1,2,3,4,5,6,7:choices=0,1,2,3,4,5,6,7
palette:0,3,0:0,0,0:0,0,0:0,0,0:validation=ok:model-choices=0,1,2,3,4,5,6,7:choices=0,1,2,3,4,5,6,7
palette:0,3,3:3,3,3:3,3,3:3,3,3:validation=ok:model-choices=0,1,2,3,4,5,6,7:choices=0,1,2,3,4,5,6,7
palette:0,3,8:8,8,8:8,-1,:8,-1,:validation=ok:model-choices=0,1,2,3,4,5,6,7:choices=0,1,2,3,4,5,6,7
palette:1,0,0:0,0,0:0,0,0:0,0,0:validation=ok:model-choices=0,1,2,3,4,5,6,7,8:choices=0,1,2,3,4,5,6,7,8
palette:1,0,3:3,3,3:3,3,3:3,3,3:validation=ok:model-choices=0,1,2,3,4,5,6,7,8:choices=0,1,2,3,4,5,6,7,8
palette:1,0,8:8,8,8:8,8,8:8,8,8:validation=ok:model-choices=0,1,2,3,4,5,6,7,8:choices=0,1,2,3,4,5,6,7,8
palette:1,1,0:0,0,0:0,0,0:0,0,0:validation=ok:model-choices=0,1,2,3,4,5,6,7,8:choices=0,1,2,3,4,5,6,7,8
palette:1,1,3:3,3,3:3,3,3:3,3,3:validation=ok:model-choices=0,1,2,3,4,5,6,7,8:choices=0,1,2,3,4,5,6,7,8
palette:1,1,8:8,8,8:8,8,8:8,8,8:validation=ok:model-choices=0,1,2,3,4,5,6,7,8:choices=0,1,2,3,4,5,6,7,8
palette:1,2,0:0,0,0:0,0,0:0,0,0:validation=ok:model-choices=0,1,2,3,4,5,6,7:choices=0,1,2,3,4,5,6,7
palette:1,2,3:3,3,3:3,3,3:3,3,3:validation=ok:model-choices=0,1,2,3,4,5,6,7:choices=0,1,2,3,4,5,6,7
palette:1,2,8:8,8,8:8,-1,:8,-1,:validation=ok:model-choices=0,1,2,3,4,5,6,7:choices=0,1,2,3,4,5,6,7
palette:1,3,0:0,0,0:0,0,0:0,0,0:validation=ok:model-choices=0,1,2,3,4,5,6,7:choices=0,1,2,3,4,5,6,7
palette:1,3,3:3,3,3:3,3,3:3,3,3:validation=ok:model-choices=0,1,2,3,4,5,6,7:choices=0,1,2,3,4,5,6,7
palette:1,3,8:8,8,8:8,-1,:8,-1,:validation=ok:model-choices=0,1,2,3,4,5,6,7:choices=0,1,2,3,4,5,6,7
palette:2,0,0:0,0,0:0,0,0:0,0,0:validation=ok:model-choices=0,1,2,3,4,5,6,7,8:choices=0,1,2,3,4,5,6,7,8
palette:2,0,3:3,3,3:3,3,3:3,3,3:validation=ok:model-choices=0,1,2,3,4,5,6,7,8:choices=0,1,2,3,4,5,6,7,8
palette:2,0,8:8,-1,:8,8,8:8,8,8:validation=ok:model-choices=0,1,2,3,4,5,6,7,8:choices=0,1,2,3,4,5,6,7,8
palette:2,1,0:0,0,0:0,0,0:0,0,0:validation=ok:model-choices=0,1,2,3,4,5,6,7,8:choices=0,1,2,3,4,5,6,7,8
palette:2,1,3:3,3,3:3,3,3:3,3,3:validation=ok:model-choices=0,1,2,3,4,5,6,7,8:choices=0,1,2,3,4,5,6,7,8
palette:2,1,8:8,-1,:8,8,8:8,8,8:validation=ok:model-choices=0,1,2,3,4,5,6,7,8:choices=0,1,2,3,4,5,6,7,8
palette:2,2,0:0,0,0:0,0,0:0,0,0:validation=ok:model-choices=0,1,2,3,4,5,6,7:choices=0,1,2,3,4,5,6,7
palette:2,2,3:3,3,3:3,3,3:3,3,3:validation=ok:model-choices=0,1,2,3,4,5,6,7:choices=0,1,2,3,4,5,6,7
palette:2,2,8:8,-1,:8,-1,:8,-1,:validation=ok:model-choices=0,1,2,3,4,5,6,7:choices=0,1,2,3,4,5,6,7
palette:2,3,0:0,0,0:0,0,0:0,0,0:validation=ok:model-choices=0,1,2,3,4,5,6,7:choices=0,1,2,3,4,5,6,7
palette:2,3,3:3,3,3:3,3,3:3,3,3:validation=ok:model-choices=0,1,2,3,4,5,6,7:choices=0,1,2,3,4,5,6,7
palette:2,3,8:8,-1,:8,-1,:8,-1,:validation=ok:model-choices=0,1,2,3,4,5,6,7:choices=0,1,2,3,4,5,6,7
palette:3,0,0:0,0,0:0,0,0:0,0,0:validation=ok:model-choices=0,1,2,3,4,5,6,7,8:choices=0,1,2,3,4,5,6,7,8
palette:3,0,3:3,3,3:3,3,3:3,3,3:validation=ok:model-choices=0,1,2,3,4,5,6,7,8:choices=0,1,2,3,4,5,6,7,8
palette:3,0,8:8,-1,:8,8,8:8,8,8:validation=ok:model-choices=0,1,2,3,4,5,6,7,8:choices=0,1,2,3,4,5,6,7,8
palette:3,1,0:0,0,0:0,0,0:0,0,0:validation=ok:model-choices=0,1,2,3,4,5,6,7,8:choices=0,1,2,3,4,5,6,7,8
palette:3,1,3:3,3,3:3,3,3:3,3,3:validation=ok:model-choices=0,1,2,3,4,5,6,7,8:choices=0,1,2,3,4,5,6,7,8
palette:3,1,8:8,-1,:8,8,8:8,8,8:validation=ok:model-choices=0,1,2,3,4,5,6,7,8:choices=0,1,2,3,4,5,6,7,8
palette:3,2,0:0,0,0:0,0,0:0,0,0:validation=ok:model-choices=0,1,2,3,4,5,6,7:choices=0,1,2,3,4,5,6,7
palette:3,2,3:3,3,3:3,3,3:3,3,3:validation=ok:model-choices=0,1,2,3,4,5,6,7:choices=0,1,2,3,4,5,6,7
palette:3,2,8:8,-1,:8,-1,:8,-1,:validation=ok:model-choices=0,1,2,3,4,5,6,7:choices=0,1,2,3,4,5,6,7
palette:3,3,0:0,0,0:0,0,0:0,0,0:validation=ok:model-choices=0,1,2,3,4,5,6,7:choices=0,1,2,3,4,5,6,7
palette:3,3,3:3,3,3:3,3,3:3,3,3:validation=ok:model-choices=0,1,2,3,4,5,6,7:choices=0,1,2,3,4,5,6,7
palette:3,3,8:8,-1,:8,-1,:8,-1,:validation=ok:model-choices=0,1,2,3,4,5,6,7:choices=0,1,2,3,4,5,6,7
palette:7,0,0:0,0,0:0,0,0:0,0,0:validation=ok:model-choices=0,1,2,3,4,5,6,7,8:choices=0,1,2,3,4,5,6,7,8
palette:7,0,3:3,3,3:3,3,3:3,3,3:validation=ok:model-choices=0,1,2,3,4,5,6,7,8:choices=0,1,2,3,4,5,6,7,8
palette:7,0,8:8,-1,:8,8,8:8,8,8:validation=ok:model-choices=0,1,2,3,4,5,6,7,8:choices=0,1,2,3,4,5,6,7,8
palette:7,1,0:0,0,0:0,0,0:0,0,0:validation=ok:model-choices=0,1,2,3,4,5,6,7,8:choices=0,1,2,3,4,5,6,7,8
palette:7,1,3:3,3,3:3,3,3:3,3,3:validation=ok:model-choices=0,1,2,3,4,5,6,7,8:choices=0,1,2,3,4,5,6,7,8
palette:7,1,8:8,-1,:8,8,8:8,8,8:validation=ok:model-choices=0,1,2,3,4,5,6,7,8:choices=0,1,2,3,4,5,6,7,8
palette:7,2,0:0,0,0:0,0,0:0,0,0:validation=ok:model-choices=0,1,2,3,4,5,6,7:choices=0,1,2,3,4,5,6,7
palette:7,2,3:3,3,3:3,3,3:3,3,3:validation=ok:model-choices=0,1,2,3,4,5,6,7:choices=0,1,2,3,4,5,6,7
palette:7,2,8:8,-1,:8,-1,:8,-1,:validation=ok:model-choices=0,1,2,3,4,5,6,7:choices=0,1,2,3,4,5,6,7
palette:7,3,0:0,0,0:0,0,0:0,0,0:validation=ok:model-choices=0,1,2,3,4,5,6,7:choices=0,1,2,3,4,5,6,7
palette:7,3,3:3,3,3:3,3,3:3,3,3:validation=ok:model-choices=0,1,2,3,4,5,6,7:choices=0,1,2,3,4,5,6,7
palette:7,3,8:8,-1,:8,-1,:8,-1,:validation=ok:model-choices=0,1,2,3,4,5,6,7:choices=0,1,2,3,4,5,6,7
group:42,7:7:pp=7:enabled=True:selected=7:choices=42,7
group:42,7:99:pp=255:enabled=True:selected=:choices=42,7
group:42,7:255:pp=255:enabled=True:selected=:choices=42,7
group:255,0,254,7:7:pp=7:enabled=True:selected=7:choices=0,254,7
group:255,0,254,7:99:pp=255:enabled=True:selected=:choices=0,254,7
group:255,0,254,7:255:pp=255:enabled=True:selected=:choices=0,254,7
group::7:pp=255:enabled=True:selected=:choices=
group::99:pp=255:enabled=True:selected=:choices=
group::255:pp=255:enabled=True:selected=:choices=
levels:85,170:0,255:0,255
levels:85,170:255,0:0,1
levels:85,170:170,85:84,85
levels:85,170:85,170:85,170
levels:85,170:86,86:85,86
levels:85,170:255,255:254,255
levels:85,170:0,0:0,1
levels:0,1:0,255:0,255
levels:0,1:255,0:0,1
levels:0,1:170,85:84,85
levels:0,1:85,170:85,170
levels:0,1:86,86:85,86
levels:0,1:255,255:254,255
levels:0,1:0,0:0,1
levels:254,255:0,255:0,255
levels:254,255:255,0:0,1
levels:254,255:170,85:84,85
levels:254,255:85,170:85,170
levels:254,255:86,86:85,86
levels:254,255:255,255:254,255
levels:254,255:0,0:0,1
levels:85,85:0,255:0,255
levels:85,85:255,0:1,1
levels:85,85:170,85:85,85
levels:85,85:85,170:170,170
levels:85,85:86,86:86,86
levels:85,85:255,255:254,255
levels:85,85:0,0:0,1
levels:0,0:0,255:254,255
levels:0,0:255,0:1,1
levels:0,0:170,85:85,85
levels:0,0:85,170:170,170
levels:0,0:86,86:86,86
levels:0,0:255,255:254,255
levels:0,0:0,0:0,0
levels:255,255:0,255:0,255
levels:255,255:255,0:1,1
levels:255,255:170,85:85,85
levels:255,255:85,170:170,170
levels:255,255:86,86:86,86
levels:255,255:255,255:255,255
levels:255,255:0,0:0,1
levels:170,85:0,255:0,255
levels:170,85:255,0:0,1
levels:170,85:170,85:170,85
levels:170,85:85,170:85,170
levels:170,85:86,86:85,86
levels:170,85:255,255:254,255
levels:170,85:0,0:0,1
single:85,170,0,-1:85,170,85,170:0,170,0,170:L0
single:85,170,0,0:85,170,85,170:0,170,0,170:L0
single:85,170,0,1:85,170,85,170:1,170,1,170:L1
single:85,170,0,84:85,170,85,170:84,170,84,170:L84
single:85,170,0,85:85,170,85,170:85,170,85,170:
single:85,170,0,86:85,170,85,170:86,170,86,170:L86
single:85,170,0,169:85,170,85,170:169,170,169,170:L169
single:85,170,0,170:85,170,85,170:170,171,170,171:L170|H171
single:85,170,0,171:85,170,85,170:171,172,171,172:L171|H172
single:85,170,0,254:85,170,85,170:254,255,254,255:L254|H255
single:85,170,0,255:85,170,85,170:254,255,254,255:L254|H255
single:85,170,0,256:85,170,85,170:254,255,254,255:L254|H255
single:85,170,1,-1:85,170,85,170:0,1,0,1:H1|L0
single:85,170,1,0:85,170,85,170:0,1,0,1:H1|L0
single:85,170,1,1:85,170,85,170:0,1,0,1:H1|L0
single:85,170,1,84:85,170,85,170:83,84,83,84:H84|L83
single:85,170,1,85:85,170,85,170:84,85,84,85:H85|L84
single:85,170,1,86:85,170,85,170:85,86,85,86:H86
single:85,170,1,169:85,170,85,170:85,169,85,169:H169
single:85,170,1,170:85,170,85,170:85,170,85,170:
single:85,170,1,171:85,170,85,170:85,171,85,171:H171
single:85,170,1,254:85,170,85,170:85,254,85,254:H254
single:85,170,1,255:85,170,85,170:85,255,85,255:H255
single:85,170,1,256:85,170,85,170:85,255,85,255:H255
single:0,1,0,-1:0,1,0,1:0,1,0,1:
single:0,1,0,0:0,1,0,1:0,1,0,1:
single:0,1,0,1:0,1,0,1:1,2,1,2:L1|H2
single:0,1,0,84:0,1,0,1:84,85,84,85:L84|H85
single:0,1,0,85:0,1,0,1:85,86,85,86:L85|H86
single:0,1,0,86:0,1,0,1:86,87,86,87:L86|H87
single:0,1,0,169:0,1,0,1:169,170,169,170:L169|H170
single:0,1,0,170:0,1,0,1:170,171,170,171:L170|H171
single:0,1,0,171:0,1,0,1:171,172,171,172:L171|H172
single:0,1,0,254:0,1,0,1:254,255,254,255:L254|H255
single:0,1,0,255:0,1,0,1:254,255,254,255:L254|H255
single:0,1,0,256:0,1,0,1:254,255,254,255:L254|H255
single:0,1,1,-1:0,1,0,1:0,1,0,1:
single:0,1,1,0:0,1,0,1:0,1,0,1:
single:0,1,1,1:0,1,0,1:0,1,0,1:
single:0,1,1,84:0,1,0,1:0,84,0,84:H84
single:0,1,1,85:0,1,0,1:0,85,0,85:H85
single:0,1,1,86:0,1,0,1:0,86,0,86:H86
single:0,1,1,169:0,1,0,1:0,169,0,169:H169
single:0,1,1,170:0,1,0,1:0,170,0,170:H170
single:0,1,1,171:0,1,0,1:0,171,0,171:H171
single:0,1,1,254:0,1,0,1:0,254,0,254:H254
single:0,1,1,255:0,1,0,1:0,255,0,255:H255
single:0,1,1,256:0,1,0,1:0,255,0,255:H255
single:254,255,0,-1:254,255,254,255:0,255,0,255:L0
single:254,255,0,0:254,255,254,255:0,255,0,255:L0
single:254,255,0,1:254,255,254,255:1,255,1,255:L1
single:254,255,0,84:254,255,254,255:84,255,84,255:L84
single:254,255,0,85:254,255,254,255:85,255,85,255:L85
single:254,255,0,86:254,255,254,255:86,255,86,255:L86
single:254,255,0,169:254,255,254,255:169,255,169,255:L169
single:254,255,0,170:254,255,254,255:170,255,170,255:L170
single:254,255,0,171:254,255,254,255:171,255,171,255:L171
single:254,255,0,254:254,255,254,255:254,255,254,255:
single:254,255,0,255:254,255,254,255:254,255,254,255:
single:254,255,0,256:254,255,254,255:254,255,254,255:
single:254,255,1,-1:254,255,254,255:0,1,0,1:H1|L0
single:254,255,1,0:254,255,254,255:0,1,0,1:H1|L0
single:254,255,1,1:254,255,254,255:0,1,0,1:H1|L0
single:254,255,1,84:254,255,254,255:83,84,83,84:H84|L83
single:254,255,1,85:254,255,254,255:84,85,84,85:H85|L84
single:254,255,1,86:254,255,254,255:85,86,85,86:H86|L85
single:254,255,1,169:254,255,254,255:168,169,168,169:H169|L168
single:254,255,1,170:254,255,254,255:169,170,169,170:H170|L169
single:254,255,1,171:254,255,254,255:170,171,170,171:H171|L170
single:254,255,1,254:254,255,254,255:253,254,253,254:H254|L253
single:254,255,1,255:254,255,254,255:254,255,254,255:
single:254,255,1,256:254,255,254,255:254,255,254,255:
single:85,85,0,-1:85,85,85,85:0,1,0,1:L0|H1
single:85,85,0,0:85,85,85,85:0,1,0,1:L0|H1
single:85,85,0,1:85,85,85,85:1,1,1,1:L1|H1
single:85,85,0,84:85,85,85,85:84,84,84,84:L84|H84
single:85,85,0,85:85,85,85,85:85,85,85,85:
single:85,85,0,86:85,85,85,85:86,86,86,86:L86|H86
single:85,85,0,169:85,85,85,85:169,169,169,169:L169|H169
single:85,85,0,170:85,85,85,85:170,170,170,170:L170|H170
single:85,85,0,171:85,85,85,85:171,171,171,171:L171|H171
single:85,85,0,254:85,85,85,85:254,254,254,254:L254|H254
single:85,85,0,255:85,85,85,85:254,254,254,254:L254|H254
single:85,85,0,256:85,85,85,85:254,254,254,254:L254|H254
single:85,85,1,-1:85,85,85,85:1,1,1,1:H1|L1
single:85,85,1,0:85,85,85,85:1,1,1,1:H1|L1
single:85,85,1,1:85,85,85,85:1,1,1,1:H1|L1
single:85,85,1,84:85,85,85,85:84,84,84,84:H84|L84
single:85,85,1,85:85,85,85,85:85,85,85,85:
single:85,85,1,86:85,85,85,85:86,86,86,86:H86|L86
single:85,85,1,169:85,85,85,85:169,169,169,169:H169|L169
single:85,85,1,170:85,85,85,85:170,170,170,170:H170|L170
single:85,85,1,171:85,85,85,85:171,171,171,171:H171|L171
single:85,85,1,254:85,85,85,85:254,254,254,254:H254|L254
single:85,85,1,255:85,85,85,85:254,255,254,255:H255|L254
single:85,85,1,256:85,85,85,85:254,255,254,255:H255|L254
single:0,0,0,-1:0,0,0,0:0,0,0,0:
single:0,0,0,0:0,0,0,0:0,0,0,0:
single:0,0,0,1:0,0,0,0:1,1,1,1:L1|H1
single:0,0,0,84:0,0,0,0:84,84,84,84:L84|H84
single:0,0,0,85:0,0,0,0:85,85,85,85:L85|H85
single:0,0,0,86:0,0,0,0:86,86,86,86:L86|H86
single:0,0,0,169:0,0,0,0:169,169,169,169:L169|H169
single:0,0,0,170:0,0,0,0:170,170,170,170:L170|H170
single:0,0,0,171:0,0,0,0:171,171,171,171:L171|H171
single:0,0,0,254:0,0,0,0:254,254,254,254:L254|H254
single:0,0,0,255:0,0,0,0:254,254,254,254:L254|H254
single:0,0,0,256:0,0,0,0:254,254,254,254:L254|H254
single:0,0,1,-1:0,0,0,0:1,1,1,1:H1|L1
single:0,0,1,0:0,0,0,0:0,0,0,0:
single:0,0,1,1:0,0,0,0:1,1,1,1:H1|L1
single:0,0,1,84:0,0,0,0:84,84,84,84:H84|L84
single:0,0,1,85:0,0,0,0:85,85,85,85:H85|L85
single:0,0,1,86:0,0,0,0:86,86,86,86:H86|L86
single:0,0,1,169:0,0,0,0:169,169,169,169:H169|L169
single:0,0,1,170:0,0,0,0:170,170,170,170:H170|L170
single:0,0,1,171:0,0,0,0:171,171,171,171:H171|L171
single:0,0,1,254:0,0,0,0:254,254,254,254:H254|L254
single:0,0,1,255:0,0,0,0:254,255,254,255:H255|L254
single:0,0,1,256:0,0,0,0:254,255,254,255:H255|L254
single:255,255,0,-1:255,255,255,255:0,1,0,1:L0|H1
single:255,255,0,0:255,255,255,255:0,1,0,1:L0|H1
single:255,255,0,1:255,255,255,255:1,1,1,1:L1|H1
single:255,255,0,84:255,255,255,255:84,84,84,84:L84|H84
single:255,255,0,85:255,255,255,255:85,85,85,85:L85|H85
single:255,255,0,86:255,255,255,255:86,86,86,86:L86|H86
single:255,255,0,169:255,255,255,255:169,169,169,169:L169|H169
single:255,255,0,170:255,255,255,255:170,170,170,170:L170|H170
single:255,255,0,171:255,255,255,255:171,171,171,171:L171|H171
single:255,255,0,254:255,255,255,255:254,254,254,254:L254|H254
single:255,255,0,255:255,255,255,255:255,255,255,255:
single:255,255,0,256:255,255,255,255:254,254,254,254:L254|H254
single:255,255,1,-1:255,255,255,255:1,1,1,1:H1|L1
single:255,255,1,0:255,255,255,255:1,1,1,1:H1|L1
single:255,255,1,1:255,255,255,255:1,1,1,1:H1|L1
single:255,255,1,84:255,255,255,255:84,84,84,84:H84|L84
single:255,255,1,85:255,255,255,255:85,85,85,85:H85|L85
single:255,255,1,86:255,255,255,255:86,86,86,86:H86|L86
single:255,255,1,169:255,255,255,255:169,169,169,169:H169|L169
single:255,255,1,170:255,255,255,255:170,170,170,170:H170|L170
single:255,255,1,171:255,255,255,255:171,171,171,171:H171|L171
single:255,255,1,254:255,255,255,255:254,254,254,254:H254|L254
single:255,255,1,255:255,255,255,255:255,255,255,255:
single:255,255,1,256:255,255,255,255:255,255,255,255:
single:170,85,0,-1:170,85,170,85:0,85,0,85:L0
single:170,85,0,0:170,85,170,85:0,85,0,85:L0
single:170,85,0,1:170,85,170,85:1,85,1,85:L1
single:170,85,0,84:170,85,170,85:84,85,84,85:L84
single:170,85,0,85:170,85,170,85:85,86,85,86:L85|H86
single:170,85,0,86:170,85,170,85:86,87,86,87:L86|H87
single:170,85,0,169:170,85,170,85:169,170,169,170:L169|H170
single:170,85,0,170:170,85,170,85:170,85,170,85:
single:170,85,0,171:170,85,170,85:171,172,171,172:L171|H172
single:170,85,0,254:170,85,170,85:254,255,254,255:L254|H255
single:170,85,0,255:170,85,170,85:254,255,254,255:L254|H255
single:170,85,0,256:170,85,170,85:254,255,254,255:L254|H255
single:170,85,1,-1:170,85,170,85:0,1,0,1:H1|L0
single:170,85,1,0:170,85,170,85:0,1,0,1:H1|L0
single:170,85,1,1:170,85,170,85:0,1,0,1:H1|L0
single:170,85,1,84:170,85,170,85:83,84,83,84:H84|L83
single:170,85,1,85:170,85,170,85:170,85,170,85:
single:170,85,1,86:170,85,170,85:85,86,85,86:H86|L85
single:170,85,1,169:170,85,170,85:168,169,168,169:H169|L168
single:170,85,1,170:170,85,170,85:169,170,169,170:H170|L169
single:170,85,1,171:170,85,170,85:170,171,170,171:H171
single:170,85,1,254:170,85,170,85:170,254,170,254:H254
single:170,85,1,255:170,85,170,85:170,255,170,255:H255
single:170,85,1,256:170,85,170,85:170,255,170,255:H255

capture:job-quick-status-order-61f5259b
runtime:Microsoft Windows NT 6.2.9200.0:4.0.30319.42000:pointer-size=4
choices:QuickStatus:1=Page Key|2=Background Colour|3=Text Colour
choices:ScreenColours:0=Black|1=White|2=Red|3=Green|4=Blue|5=Cyan|6=Magenta|7=Yellow
choices:KeyColours:0=None|1=White|2=Red|3=Green|4=Blue|5=Cyan|6=Magenta|7=Yellow|8=Orange
palette:0,0,0:0,0,0:0,0,0:0,0,0:validation=ok:model-choices=0,1,2,3,4,5,6,7,8:choices=0,1,2,3,4,5,6,7,8
palette:0,0,3:3,3,3:3,3,3:3,3,3:validation=ok:model-choices=0,1,2,3,4,5,6,7,8:choices=0,1,2,3,4,5,6,7,8
palette:0,0,8:8,8,8:8,8,8:8,8,8:validation=ok:model-choices=0,1,2,3,4,5,6,7,8:choices=0,1,2,3,4,5,6,7,8
palette:0,1,0:0,0,0:0,0,0:0,0,0:validation=ok:model-choices=0,1,2,3,4,5,6,7,8:choices=0,1,2,3,4,5,6,7,8
palette:0,1,3:3,3,3:3,3,3:3,3,3:validation=ok:model-choices=0,1,2,3,4,5,6,7,8:choices=0,1,2,3,4,5,6,7,8
palette:0,1,8:8,8,8:8,8,8:8,8,8:validation=ok:model-choices=0,1,2,3,4,5,6,7,8:choices=0,1,2,3,4,5,6,7,8
palette:0,2,0:0,0,0:0,0,0:0,0,0:validation=ok:model-choices=0,1,2,3,4,5,6,7:choices=0,1,2,3,4,5,6,7
palette:0,2,3:3,3,3:3,3,3:3,3,3:validation=ok:model-choices=0,1,2,3,4,5,6,7:choices=0,1,2,3,4,5,6,7
palette:0,2,8:8,8,8:8,-1,:8,-1,:validation=ok:model-choices=0,1,2,3,4,5,6,7:choices=0,1,2,3,4,5,6,7
palette:0,3,0:0,0,0:0,0,0:0,0,0:validation=ok:model-choices=0,1,2,3,4,5,6,7:choices=0,1,2,3,4,5,6,7
palette:0,3,3:3,3,3:3,3,3:3,3,3:validation=ok:model-choices=0,1,2,3,4,5,6,7:choices=0,1,2,3,4,5,6,7
palette:0,3,8:8,8,8:8,-1,:8,-1,:validation=ok:model-choices=0,1,2,3,4,5,6,7:choices=0,1,2,3,4,5,6,7
palette:1,0,0:0,0,0:0,0,0:0,0,0:validation=ok:model-choices=0,1,2,3,4,5,6,7,8:choices=0,1,2,3,4,5,6,7,8
palette:1,0,3:3,3,3:3,3,3:3,3,3:validation=ok:model-choices=0,1,2,3,4,5,6,7,8:choices=0,1,2,3,4,5,6,7,8
palette:1,0,8:8,8,8:8,8,8:8,8,8:validation=ok:model-choices=0,1,2,3,4,5,6,7,8:choices=0,1,2,3,4,5,6,7,8
palette:1,1,0:0,0,0:0,0,0:0,0,0:validation=ok:model-choices=0,1,2,3,4,5,6,7,8:choices=0,1,2,3,4,5,6,7,8
palette:1,1,3:3,3,3:3,3,3:3,3,3:validation=ok:model-choices=0,1,2,3,4,5,6,7,8:choices=0,1,2,3,4,5,6,7,8
palette:1,1,8:8,8,8:8,8,8:8,8,8:validation=ok:model-choices=0,1,2,3,4,5,6,7,8:choices=0,1,2,3,4,5,6,7,8
palette:1,2,0:0,0,0:0,0,0:0,0,0:validation=ok:model-choices=0,1,2,3,4,5,6,7:choices=0,1,2,3,4,5,6,7
palette:1,2,3:3,3,3:3,3,3:3,3,3:validation=ok:model-choices=0,1,2,3,4,5,6,7:choices=0,1,2,3,4,5,6,7
palette:1,2,8:8,8,8:8,-1,:8,-1,:validation=ok:model-choices=0,1,2,3,4,5,6,7:choices=0,1,2,3,4,5,6,7
palette:1,3,0:0,0,0:0,0,0:0,0,0:validation=ok:model-choices=0,1,2,3,4,5,6,7:choices=0,1,2,3,4,5,6,7
palette:1,3,3:3,3,3:3,3,3:3,3,3:validation=ok:model-choices=0,1,2,3,4,5,6,7:choices=0,1,2,3,4,5,6,7
palette:1,3,8:8,8,8:8,-1,:8,-1,:validation=ok:model-choices=0,1,2,3,4,5,6,7:choices=0,1,2,3,4,5,6,7
palette:2,0,0:0,0,0:0,0,0:0,0,0:validation=ok:model-choices=0,1,2,3,4,5,6,7,8:choices=0,1,2,3,4,5,6,7,8
palette:2,0,3:3,3,3:3,3,3:3,3,3:validation=ok:model-choices=0,1,2,3,4,5,6,7,8:choices=0,1,2,3,4,5,6,7,8
palette:2,0,8:8,-1,:8,8,8:8,8,8:validation=ok:model-choices=0,1,2,3,4,5,6,7,8:choices=0,1,2,3,4,5,6,7,8
palette:2,1,0:0,0,0:0,0,0:0,0,0:validation=ok:model-choices=0,1,2,3,4,5,6,7,8:choices=0,1,2,3,4,5,6,7,8
palette:2,1,3:3,3,3:3,3,3:3,3,3:validation=ok:model-choices=0,1,2,3,4,5,6,7,8:choices=0,1,2,3,4,5,6,7,8
palette:2,1,8:8,-1,:8,8,8:8,8,8:validation=ok:model-choices=0,1,2,3,4,5,6,7,8:choices=0,1,2,3,4,5,6,7,8
palette:2,2,0:0,0,0:0,0,0:0,0,0:validation=ok:model-choices=0,1,2,3,4,5,6,7:choices=0,1,2,3,4,5,6,7
palette:2,2,3:3,3,3:3,3,3:3,3,3:validation=ok:model-choices=0,1,2,3,4,5,6,7:choices=0,1,2,3,4,5,6,7
palette:2,2,8:8,-1,:8,-1,:8,-1,:validation=ok:model-choices=0,1,2,3,4,5,6,7:choices=0,1,2,3,4,5,6,7
palette:2,3,0:0,0,0:0,0,0:0,0,0:validation=ok:model-choices=0,1,2,3,4,5,6,7:choices=0,1,2,3,4,5,6,7
palette:2,3,3:3,3,3:3,3,3:3,3,3:validation=ok:model-choices=0,1,2,3,4,5,6,7:choices=0,1,2,3,4,5,6,7
palette:2,3,8:8,-1,:8,-1,:8,-1,:validation=ok:model-choices=0,1,2,3,4,5,6,7:choices=0,1,2,3,4,5,6,7
palette:3,0,0:0,0,0:0,0,0:0,0,0:validation=ok:model-choices=0,1,2,3,4,5,6,7,8:choices=0,1,2,3,4,5,6,7,8
palette:3,0,3:3,3,3:3,3,3:3,3,3:validation=ok:model-choices=0,1,2,3,4,5,6,7,8:choices=0,1,2,3,4,5,6,7,8
palette:3,0,8:8,-1,:8,8,8:8,8,8:validation=ok:model-choices=0,1,2,3,4,5,6,7,8:choices=0,1,2,3,4,5,6,7,8
palette:3,1,0:0,0,0:0,0,0:0,0,0:validation=ok:model-choices=0,1,2,3,4,5,6,7,8:choices=0,1,2,3,4,5,6,7,8
palette:3,1,3:3,3,3:3,3,3:3,3,3:validation=ok:model-choices=0,1,2,3,4,5,6,7,8:choices=0,1,2,3,4,5,6,7,8
palette:3,1,8:8,-1,:8,8,8:8,8,8:validation=ok:model-choices=0,1,2,3,4,5,6,7,8:choices=0,1,2,3,4,5,6,7,8
palette:3,2,0:0,0,0:0,0,0:0,0,0:validation=ok:model-choices=0,1,2,3,4,5,6,7:choices=0,1,2,3,4,5,6,7
palette:3,2,3:3,3,3:3,3,3:3,3,3:validation=ok:model-choices=0,1,2,3,4,5,6,7:choices=0,1,2,3,4,5,6,7
palette:3,2,8:8,-1,:8,-1,:8,-1,:validation=ok:model-choices=0,1,2,3,4,5,6,7:choices=0,1,2,3,4,5,6,7
palette:3,3,0:0,0,0:0,0,0:0,0,0:validation=ok:model-choices=0,1,2,3,4,5,6,7:choices=0,1,2,3,4,5,6,7
palette:3,3,3:3,3,3:3,3,3:3,3,3:validation=ok:model-choices=0,1,2,3,4,5,6,7:choices=0,1,2,3,4,5,6,7
palette:3,3,8:8,-1,:8,-1,:8,-1,:validation=ok:model-choices=0,1,2,3,4,5,6,7:choices=0,1,2,3,4,5,6,7
palette:7,0,0:0,0,0:0,0,0:0,0,0:validation=ok:model-choices=0,1,2,3,4,5,6,7,8:choices=0,1,2,3,4,5,6,7,8
palette:7,0,3:3,3,3:3,3,3:3,3,3:validation=ok:model-choices=0,1,2,3,4,5,6,7,8:choices=0,1,2,3,4,5,6,7,8
palette:7,0,8:8,-1,:8,8,8:8,8,8:validation=ok:model-choices=0,1,2,3,4,5,6,7,8:choices=0,1,2,3,4,5,6,7,8
palette:7,1,0:0,0,0:0,0,0:0,0,0:validation=ok:model-choices=0,1,2,3,4,5,6,7,8:choices=0,1,2,3,4,5,6,7,8
palette:7,1,3:3,3,3:3,3,3:3,3,3:validation=ok:model-choices=0,1,2,3,4,5,6,7,8:choices=0,1,2,3,4,5,6,7,8
palette:7,1,8:8,-1,:8,8,8:8,8,8:validation=ok:model-choices=0,1,2,3,4,5,6,7,8:choices=0,1,2,3,4,5,6,7,8
palette:7,2,0:0,0,0:0,0,0:0,0,0:validation=ok:model-choices=0,1,2,3,4,5,6,7:choices=0,1,2,3,4,5,6,7
palette:7,2,3:3,3,3:3,3,3:3,3,3:validation=ok:model-choices=0,1,2,3,4,5,6,7:choices=0,1,2,3,4,5,6,7
palette:7,2,8:8,-1,:8,-1,:8,-1,:validation=ok:model-choices=0,1,2,3,4,5,6,7:choices=0,1,2,3,4,5,6,7
palette:7,3,0:0,0,0:0,0,0:0,0,0:validation=ok:model-choices=0,1,2,3,4,5,6,7:choices=0,1,2,3,4,5,6,7
palette:7,3,3:3,3,3:3,3,3:3,3,3:validation=ok:model-choices=0,1,2,3,4,5,6,7:choices=0,1,2,3,4,5,6,7
palette:7,3,8:8,-1,:8,-1,:8,-1,:validation=ok:model-choices=0,1,2,3,4,5,6,7:choices=0,1,2,3,4,5,6,7

capture:job-quick-palette-d23ce5a0-0
runtime:Microsoft Windows NT 6.2.9200.0:4.0.30319.42000:pointer-size=4
palette3:0,0,0:0;0,0,0,choices=0,1,2,3,4,5,6,7,8|0,0,0,choices=0,1,2,3,4,5,6,7,8|0,0,0,choices=0,1,2,3,4,5,6,7,8:0;0,0,0,choices=0,1,2,3,4,5,6,7,8|0,0,0,choices=0,1,2,3,4,5,6,7,8|0,0,0,choices=0,1,2,3,4,5,6,7,8:0;0,0,0,choices=0,1,2,3,4,5,6,7,8|0,0,0,choices=0,1,2,3,4,5,6,7,8|0,0,0,choices=0,1,2,3,4,5,6,7,8:validation=True
palette3:0,0,1:0;1,1,1,choices=0,1,2,3,4,5,6,7,8|1,1,1,choices=0,1,2,3,4,5,6,7,8|1,1,1,choices=0,1,2,3,4,5,6,7,8:0;1,1,1,choices=0,1,2,3,4,5,6,7,8|1,1,1,choices=0,1,2,3,4,5,6,7,8|1,1,1,choices=0,1,2,3,4,5,6,7,8:0;1,1,1,choices=0,1,2,3,4,5,6,7,8|1,1,1,choices=0,1,2,3,4,5,6,7,8|1,1,1,choices=0,1,2,3,4,5,6,7,8:validation=True
palette3:0,0,2:0;2,2,2,choices=0,1,2,3,4,5,6,7,8|2,2,2,choices=0,1,2,3,4,5,6,7,8|2,2,2,choices=0,1,2,3,4,5,6,7,8:0;2,2,2,choices=0,1,2,3,4,5,6,7,8|2,2,2,choices=0,1,2,3,4,5,6,7,8|2,2,2,choices=0,1,2,3,4,5,6,7,8:0;2,2,2,choices=0,1,2,3,4,5,6,7,8|2,2,2,choices=0,1,2,3,4,5,6,7,8|2,2,2,choices=0,1,2,3,4,5,6,7,8:validation=True
palette3:0,0,3:0;3,3,3,choices=0,1,2,3,4,5,6,7,8|3,3,3,choices=0,1,2,3,4,5,6,7,8|3,3,3,choices=0,1,2,3,4,5,6,7,8:0;3,3,3,choices=0,1,2,3,4,5,6,7,8|3,3,3,choices=0,1,2,3,4,5,6,7,8|3,3,3,choices=0,1,2,3,4,5,6,7,8:0;3,3,3,choices=0,1,2,3,4,5,6,7,8|3,3,3,choices=0,1,2,3,4,5,6,7,8|3,3,3,choices=0,1,2,3,4,5,6,7,8:validation=True
palette3:0,0,4:0;4,4,4,choices=0,1,2,3,4,5,6,7,8|4,4,4,choices=0,1,2,3,4,5,6,7,8|4,4,4,choices=0,1,2,3,4,5,6,7,8:0;4,4,4,choices=0,1,2,3,4,5,6,7,8|4,4,4,choices=0,1,2,3,4,5,6,7,8|4,4,4,choices=0,1,2,3,4,5,6,7,8:0;4,4,4,choices=0,1,2,3,4,5,6,7,8|4,4,4,choices=0,1,2,3,4,5,6,7,8|4,4,4,choices=0,1,2,3,4,5,6,7,8:validation=True
palette3:0,0,5:0;5,5,5,choices=0,1,2,3,4,5,6,7,8|5,5,5,choices=0,1,2,3,4,5,6,7,8|5,5,5,choices=0,1,2,3,4,5,6,7,8:0;5,5,5,choices=0,1,2,3,4,5,6,7,8|5,5,5,choices=0,1,2,3,4,5,6,7,8|5,5,5,choices=0,1,2,3,4,5,6,7,8:0;5,5,5,choices=0,1,2,3,4,5,6,7,8|5,5,5,choices=0,1,2,3,4,5,6,7,8|5,5,5,choices=0,1,2,3,4,5,6,7,8:validation=True
palette3:0,0,6:0;6,6,6,choices=0,1,2,3,4,5,6,7,8|6,6,6,choices=0,1,2,3,4,5,6,7,8|6,6,6,choices=0,1,2,3,4,5,6,7,8:0;6,6,6,choices=0,1,2,3,4,5,6,7,8|6,6,6,choices=0,1,2,3,4,5,6,7,8|6,6,6,choices=0,1,2,3,4,5,6,7,8:0;6,6,6,choices=0,1,2,3,4,5,6,7,8|6,6,6,choices=0,1,2,3,4,5,6,7,8|6,6,6,choices=0,1,2,3,4,5,6,7,8:validation=True
palette3:0,0,7:0;7,7,7,choices=0,1,2,3,4,5,6,7,8|7,7,7,choices=0,1,2,3,4,5,6,7,8|7,7,7,choices=0,1,2,3,4,5,6,7,8:0;7,7,7,choices=0,1,2,3,4,5,6,7,8|7,7,7,choices=0,1,2,3,4,5,6,7,8|7,7,7,choices=0,1,2,3,4,5,6,7,8:0;7,7,7,choices=0,1,2,3,4,5,6,7,8|7,7,7,choices=0,1,2,3,4,5,6,7,8|7,7,7,choices=0,1,2,3,4,5,6,7,8:validation=True
palette3:0,0,8:0;8,8,8,choices=0,1,2,3,4,5,6,7,8|8,8,8,choices=0,1,2,3,4,5,6,7,8|8,8,8,choices=0,1,2,3,4,5,6,7,8:0;8,8,8,choices=0,1,2,3,4,5,6,7,8|8,8,8,choices=0,1,2,3,4,5,6,7,8|8,8,8,choices=0,1,2,3,4,5,6,7,8:0;8,8,8,choices=0,1,2,3,4,5,6,7,8|8,8,8,choices=0,1,2,3,4,5,6,7,8|8,8,8,choices=0,1,2,3,4,5,6,7,8:validation=True
palette3:0,0,9:0;9,-1,null,choices=0,1,2,3,4,5,6,7,8|9,-1,null,choices=0,1,2,3,4,5,6,7,8|9,-1,null,choices=0,1,2,3,4,5,6,7,8:0;9,-1,null,choices=0,1,2,3,4,5,6,7,8|9,-1,null,choices=0,1,2,3,4,5,6,7,8|9,-1,null,choices=0,1,2,3,4,5,6,7,8:0;9,-1,null,choices=0,1,2,3,4,5,6,7,8|9,-1,null,choices=0,1,2,3,4,5,6,7,8|9,-1,null,choices=0,1,2,3,4,5,6,7,8:validation=True
palette3:0,0,39:0;39,-1,null,choices=0,1,2,3,4,5,6,7,8|39,-1,null,choices=0,1,2,3,4,5,6,7,8|39,-1,null,choices=0,1,2,3,4,5,6,7,8:0;39,-1,null,choices=0,1,2,3,4,5,6,7,8|39,-1,null,choices=0,1,2,3,4,5,6,7,8|39,-1,null,choices=0,1,2,3,4,5,6,7,8:0;39,-1,null,choices=0,1,2,3,4,5,6,7,8|39,-1,null,choices=0,1,2,3,4,5,6,7,8|39,-1,null,choices=0,1,2,3,4,5,6,7,8:validation=True
palette3:0,0,254:0;254,-1,null,choices=0,1,2,3,4,5,6,7,8|254,-1,null,choices=0,1,2,3,4,5,6,7,8|254,-1,null,choices=0,1,2,3,4,5,6,7,8:0;254,-1,null,choices=0,1,2,3,4,5,6,7,8|254,-1,null,choices=0,1,2,3,4,5,6,7,8|254,-1,null,choices=0,1,2,3,4,5,6,7,8:0;254,-1,null,choices=0,1,2,3,4,5,6,7,8|254,-1,null,choices=0,1,2,3,4,5,6,7,8|254,-1,null,choices=0,1,2,3,4,5,6,7,8:validation=True
palette3:0,0,255:0;255,-1,null,choices=0,1,2,3,4,5,6,7,8|255,-1,null,choices=0,1,2,3,4,5,6,7,8|255,-1,null,choices=0,1,2,3,4,5,6,7,8:0;255,-1,null,choices=0,1,2,3,4,5,6,7,8|255,-1,null,choices=0,1,2,3,4,5,6,7,8|255,-1,null,choices=0,1,2,3,4,5,6,7,8:0;255,-1,null,choices=0,1,2,3,4,5,6,7,8|255,-1,null,choices=0,1,2,3,4,5,6,7,8|255,-1,null,choices=0,1,2,3,4,5,6,7,8:validation=True
palette3:0,1,0:0;0,0,0,choices=0,1,2,3,4,5,6,7,8|0,0,0,choices=0,1,2,3,4,5,6,7,8|0,0,0,choices=0,1,2,3,4,5,6,7,8:1;0,0,0,choices=0,1,2,3,4,5,6,7,8|0,0,0,choices=0,1,2,3,4,5,6,7,8|0,0,0,choices=0,1,2,3,4,5,6,7,8:1;0,0,0,choices=0,1,2,3,4,5,6,7,8|0,0,0,choices=0,1,2,3,4,5,6,7,8|0,0,0,choices=0,1,2,3,4,5,6,7,8:validation=True
palette3:0,1,1:0;1,1,1,choices=0,1,2,3,4,5,6,7,8|1,1,1,choices=0,1,2,3,4,5,6,7,8|1,1,1,choices=0,1,2,3,4,5,6,7,8:1;1,1,1,choices=0,1,2,3,4,5,6,7,8|1,1,1,choices=0,1,2,3,4,5,6,7,8|1,1,1,choices=0,1,2,3,4,5,6,7,8:1;1,1,1,choices=0,1,2,3,4,5,6,7,8|1,1,1,choices=0,1,2,3,4,5,6,7,8|1,1,1,choices=0,1,2,3,4,5,6,7,8:validation=True
palette3:0,1,2:0;2,2,2,choices=0,1,2,3,4,5,6,7,8|2,2,2,choices=0,1,2,3,4,5,6,7,8|2,2,2,choices=0,1,2,3,4,5,6,7,8:1;2,2,2,choices=0,1,2,3,4,5,6,7,8|2,2,2,choices=0,1,2,3,4,5,6,7,8|2,2,2,choices=0,1,2,3,4,5,6,7,8:1;2,2,2,choices=0,1,2,3,4,5,6,7,8|2,2,2,choices=0,1,2,3,4,5,6,7,8|2,2,2,choices=0,1,2,3,4,5,6,7,8:validation=True
palette3:0,1,3:0;3,3,3,choices=0,1,2,3,4,5,6,7,8|3,3,3,choices=0,1,2,3,4,5,6,7,8|3,3,3,choices=0,1,2,3,4,5,6,7,8:1;3,3,3,choices=0,1,2,3,4,5,6,7,8|3,3,3,choices=0,1,2,3,4,5,6,7,8|3,3,3,choices=0,1,2,3,4,5,6,7,8:1;3,3,3,choices=0,1,2,3,4,5,6,7,8|3,3,3,choices=0,1,2,3,4,5,6,7,8|3,3,3,choices=0,1,2,3,4,5,6,7,8:validation=True
palette3:0,1,4:0;4,4,4,choices=0,1,2,3,4,5,6,7,8|4,4,4,choices=0,1,2,3,4,5,6,7,8|4,4,4,choices=0,1,2,3,4,5,6,7,8:1;4,4,4,choices=0,1,2,3,4,5,6,7,8|4,4,4,choices=0,1,2,3,4,5,6,7,8|4,4,4,choices=0,1,2,3,4,5,6,7,8:1;4,4,4,choices=0,1,2,3,4,5,6,7,8|4,4,4,choices=0,1,2,3,4,5,6,7,8|4,4,4,choices=0,1,2,3,4,5,6,7,8:validation=True
palette3:0,1,5:0;5,5,5,choices=0,1,2,3,4,5,6,7,8|5,5,5,choices=0,1,2,3,4,5,6,7,8|5,5,5,choices=0,1,2,3,4,5,6,7,8:1;5,5,5,choices=0,1,2,3,4,5,6,7,8|5,5,5,choices=0,1,2,3,4,5,6,7,8|5,5,5,choices=0,1,2,3,4,5,6,7,8:1;5,5,5,choices=0,1,2,3,4,5,6,7,8|5,5,5,choices=0,1,2,3,4,5,6,7,8|5,5,5,choices=0,1,2,3,4,5,6,7,8:validation=True
palette3:0,1,6:0;6,6,6,choices=0,1,2,3,4,5,6,7,8|6,6,6,choices=0,1,2,3,4,5,6,7,8|6,6,6,choices=0,1,2,3,4,5,6,7,8:1;6,6,6,choices=0,1,2,3,4,5,6,7,8|6,6,6,choices=0,1,2,3,4,5,6,7,8|6,6,6,choices=0,1,2,3,4,5,6,7,8:1;6,6,6,choices=0,1,2,3,4,5,6,7,8|6,6,6,choices=0,1,2,3,4,5,6,7,8|6,6,6,choices=0,1,2,3,4,5,6,7,8:validation=True
palette3:0,1,7:0;7,7,7,choices=0,1,2,3,4,5,6,7,8|7,7,7,choices=0,1,2,3,4,5,6,7,8|7,7,7,choices=0,1,2,3,4,5,6,7,8:1;7,7,7,choices=0,1,2,3,4,5,6,7,8|7,7,7,choices=0,1,2,3,4,5,6,7,8|7,7,7,choices=0,1,2,3,4,5,6,7,8:1;7,7,7,choices=0,1,2,3,4,5,6,7,8|7,7,7,choices=0,1,2,3,4,5,6,7,8|7,7,7,choices=0,1,2,3,4,5,6,7,8:validation=True
palette3:0,1,8:0;8,8,8,choices=0,1,2,3,4,5,6,7,8|8,8,8,choices=0,1,2,3,4,5,6,7,8|8,8,8,choices=0,1,2,3,4,5,6,7,8:1;8,8,8,choices=0,1,2,3,4,5,6,7,8|8,8,8,choices=0,1,2,3,4,5,6,7,8|8,8,8,choices=0,1,2,3,4,5,6,7,8:1;8,8,8,choices=0,1,2,3,4,5,6,7,8|8,8,8,choices=0,1,2,3,4,5,6,7,8|8,8,8,choices=0,1,2,3,4,5,6,7,8:validation=True
palette3:0,1,9:0;9,-1,null,choices=0,1,2,3,4,5,6,7,8|9,-1,null,choices=0,1,2,3,4,5,6,7,8|9,-1,null,choices=0,1,2,3,4,5,6,7,8:1;9,-1,null,choices=0,1,2,3,4,5,6,7,8|9,-1,null,choices=0,1,2,3,4,5,6,7,8|9,-1,null,choices=0,1,2,3,4,5,6,7,8:1;9,-1,null,choices=0,1,2,3,4,5,6,7,8|9,-1,null,choices=0,1,2,3,4,5,6,7,8|9,-1,null,choices=0,1,2,3,4,5,6,7,8:validation=True
palette3:0,1,39:0;39,-1,null,choices=0,1,2,3,4,5,6,7,8|39,-1,null,choices=0,1,2,3,4,5,6,7,8|39,-1,null,choices=0,1,2,3,4,5,6,7,8:1;39,-1,null,choices=0,1,2,3,4,5,6,7,8|39,-1,null,choices=0,1,2,3,4,5,6,7,8|39,-1,null,choices=0,1,2,3,4,5,6,7,8:1;39,-1,null,choices=0,1,2,3,4,5,6,7,8|39,-1,null,choices=0,1,2,3,4,5,6,7,8|39,-1,null,choices=0,1,2,3,4,5,6,7,8:validation=True
palette3:0,1,254:0;254,-1,null,choices=0,1,2,3,4,5,6,7,8|254,-1,null,choices=0,1,2,3,4,5,6,7,8|254,-1,null,choices=0,1,2,3,4,5,6,7,8:1;254,-1,null,choices=0,1,2,3,4,5,6,7,8|254,-1,null,choices=0,1,2,3,4,5,6,7,8|254,-1,null,choices=0,1,2,3,4,5,6,7,8:1;254,-1,null,choices=0,1,2,3,4,5,6,7,8|254,-1,null,choices=0,1,2,3,4,5,6,7,8|254,-1,null,choices=0,1,2,3,4,5,6,7,8:validation=True
palette3:0,1,255:0;255,-1,null,choices=0,1,2,3,4,5,6,7,8|255,-1,null,choices=0,1,2,3,4,5,6,7,8|255,-1,null,choices=0,1,2,3,4,5,6,7,8:1;255,-1,null,choices=0,1,2,3,4,5,6,7,8|255,-1,null,choices=0,1,2,3,4,5,6,7,8|255,-1,null,choices=0,1,2,3,4,5,6,7,8:1;255,-1,null,choices=0,1,2,3,4,5,6,7,8|255,-1,null,choices=0,1,2,3,4,5,6,7,8|255,-1,null,choices=0,1,2,3,4,5,6,7,8:validation=True
palette3:0,2,0:0;0,0,0,choices=0,1,2,3,4,5,6,7,8|0,0,0,choices=0,1,2,3,4,5,6,7,8|0,0,0,choices=0,1,2,3,4,5,6,7,8:2;0,0,0,choices=0,1,2,3,4,5,6,7|0,0,0,choices=0,1,2,3,4,5,6,7|0,0,0,choices=0,1,2,3,4,5,6,7:2;0,0,0,choices=0,1,2,3,4,5,6,7|0,0,0,choices=0,1,2,3,4,5,6,7|0,0,0,choices=0,1,2,3,4,5,6,7:validation=True
palette3:0,2,1:0;1,1,1,choices=0,1,2,3,4,5,6,7,8|1,1,1,choices=0,1,2,3,4,5,6,7,8|1,1,1,choices=0,1,2,3,4,5,6,7,8:2;1,1,1,choices=0,1,2,3,4,5,6,7|1,1,1,choices=0,1,2,3,4,5,6,7|1,1,1,choices=0,1,2,3,4,5,6,7:2;1,1,1,choices=0,1,2,3,4,5,6,7|1,1,1,choices=0,1,2,3,4,5,6,7|1,1,1,choices=0,1,2,3,4,5,6,7:validation=True
palette3:0,2,2:0;2,2,2,choices=0,1,2,3,4,5,6,7,8|2,2,2,choices=0,1,2,3,4,5,6,7,8|2,2,2,choices=0,1,2,3,4,5,6,7,8:2;2,2,2,choices=0,1,2,3,4,5,6,7|2,2,2,choices=0,1,2,3,4,5,6,7|2,2,2,choices=0,1,2,3,4,5,6,7:2;2,2,2,choices=0,1,2,3,4,5,6,7|2,2,2,choices=0,1,2,3,4,5,6,7|2,2,2,choices=0,1,2,3,4,5,6,7:validation=True
palette3:0,2,3:0;3,3,3,choices=0,1,2,3,4,5,6,7,8|3,3,3,choices=0,1,2,3,4,5,6,7,8|3,3,3,choices=0,1,2,3,4,5,6,7,8:2;3,3,3,choices=0,1,2,3,4,5,6,7|3,3,3,choices=0,1,2,3,4,5,6,7|3,3,3,choices=0,1,2,3,4,5,6,7:2;3,3,3,choices=0,1,2,3,4,5,6,7|3,3,3,choices=0,1,2,3,4,5,6,7|3,3,3,choices=0,1,2,3,4,5,6,7:validation=True
palette3:0,2,4:0;4,4,4,choices=0,1,2,3,4,5,6,7,8|4,4,4,choices=0,1,2,3,4,5,6,7,8|4,4,4,choices=0,1,2,3,4,5,6,7,8:2;4,4,4,choices=0,1,2,3,4,5,6,7|4,4,4,choices=0,1,2,3,4,5,6,7|4,4,4,choices=0,1,2,3,4,5,6,7:2;4,4,4,choices=0,1,2,3,4,5,6,7|4,4,4,choices=0,1,2,3,4,5,6,7|4,4,4,choices=0,1,2,3,4,5,6,7:validation=True
palette3:0,2,5:0;5,5,5,choices=0,1,2,3,4,5,6,7,8|5,5,5,choices=0,1,2,3,4,5,6,7,8|5,5,5,choices=0,1,2,3,4,5,6,7,8:2;5,5,5,choices=0,1,2,3,4,5,6,7|5,5,5,choices=0,1,2,3,4,5,6,7|5,5,5,choices=0,1,2,3,4,5,6,7:2;5,5,5,choices=0,1,2,3,4,5,6,7|5,5,5,choices=0,1,2,3,4,5,6,7|5,5,5,choices=0,1,2,3,4,5,6,7:validation=True
palette3:0,2,6:0;6,6,6,choices=0,1,2,3,4,5,6,7,8|6,6,6,choices=0,1,2,3,4,5,6,7,8|6,6,6,choices=0,1,2,3,4,5,6,7,8:2;6,6,6,choices=0,1,2,3,4,5,6,7|6,6,6,choices=0,1,2,3,4,5,6,7|6,6,6,choices=0,1,2,3,4,5,6,7:2;6,6,6,choices=0,1,2,3,4,5,6,7|6,6,6,choices=0,1,2,3,4,5,6,7|6,6,6,choices=0,1,2,3,4,5,6,7:validation=True
palette3:0,2,7:0;7,7,7,choices=0,1,2,3,4,5,6,7,8|7,7,7,choices=0,1,2,3,4,5,6,7,8|7,7,7,choices=0,1,2,3,4,5,6,7,8:2;7,7,7,choices=0,1,2,3,4,5,6,7|7,7,7,choices=0,1,2,3,4,5,6,7|7,7,7,choices=0,1,2,3,4,5,6,7:2;7,7,7,choices=0,1,2,3,4,5,6,7|7,7,7,choices=0,1,2,3,4,5,6,7|7,7,7,choices=0,1,2,3,4,5,6,7:validation=True
palette3:0,2,8:0;8,8,8,choices=0,1,2,3,4,5,6,7,8|8,8,8,choices=0,1,2,3,4,5,6,7,8|8,8,8,choices=0,1,2,3,4,5,6,7,8:2;8,-1,null,choices=0,1,2,3,4,5,6,7|8,-1,null,choices=0,1,2,3,4,5,6,7|8,-1,null,choices=0,1,2,3,4,5,6,7:2;8,-1,null,choices=0,1,2,3,4,5,6,7|8,-1,null,choices=0,1,2,3,4,5,6,7|8,-1,null,choices=0,1,2,3,4,5,6,7:validation=True
palette3:0,2,9:0;9,-1,null,choices=0,1,2,3,4,5,6,7,8|9,-1,null,choices=0,1,2,3,4,5,6,7,8|9,-1,null,choices=0,1,2,3,4,5,6,7,8:2;9,-1,null,choices=0,1,2,3,4,5,6,7|9,-1,null,choices=0,1,2,3,4,5,6,7|9,-1,null,choices=0,1,2,3,4,5,6,7:2;9,-1,null,choices=0,1,2,3,4,5,6,7|9,-1,null,choices=0,1,2,3,4,5,6,7|9,-1,null,choices=0,1,2,3,4,5,6,7:validation=True
palette3:0,2,39:0;39,-1,null,choices=0,1,2,3,4,5,6,7,8|39,-1,null,choices=0,1,2,3,4,5,6,7,8|39,-1,null,choices=0,1,2,3,4,5,6,7,8:2;39,-1,null,choices=0,1,2,3,4,5,6,7|39,-1,null,choices=0,1,2,3,4,5,6,7|39,-1,null,choices=0,1,2,3,4,5,6,7:2;39,-1,null,choices=0,1,2,3,4,5,6,7|39,-1,null,choices=0,1,2,3,4,5,6,7|39,-1,null,choices=0,1,2,3,4,5,6,7:validation=True
palette3:0,2,254:0;254,-1,null,choices=0,1,2,3,4,5,6,7,8|254,-1,null,choices=0,1,2,3,4,5,6,7,8|254,-1,null,choices=0,1,2,3,4,5,6,7,8:2;254,-1,null,choices=0,1,2,3,4,5,6,7|254,-1,null,choices=0,1,2,3,4,5,6,7|254,-1,null,choices=0,1,2,3,4,5,6,7:2;254,-1,null,choices=0,1,2,3,4,5,6,7|254,-1,null,choices=0,1,2,3,4,5,6,7|254,-1,null,choices=0,1,2,3,4,5,6,7:validation=True
palette3:0,2,255:0;255,-1,null,choices=0,1,2,3,4,5,6,7,8|255,-1,null,choices=0,1,2,3,4,5,6,7,8|255,-1,null,choices=0,1,2,3,4,5,6,7,8:2;255,-1,null,choices=0,1,2,3,4,5,6,7|255,-1,null,choices=0,1,2,3,4,5,6,7|255,-1,null,choices=0,1,2,3,4,5,6,7:2;255,-1,null,choices=0,1,2,3,4,5,6,7|255,-1,null,choices=0,1,2,3,4,5,6,7|255,-1,null,choices=0,1,2,3,4,5,6,7:validation=True
palette3:0,3,0:0;0,0,0,choices=0,1,2,3,4,5,6,7,8|0,0,0,choices=0,1,2,3,4,5,6,7,8|0,0,0,choices=0,1,2,3,4,5,6,7,8:3;0,0,0,choices=0,1,2,3,4,5,6,7|0,0,0,choices=0,1,2,3,4,5,6,7|0,0,0,choices=0,1,2,3,4,5,6,7:3;0,0,0,choices=0,1,2,3,4,5,6,7|0,0,0,choices=0,1,2,3,4,5,6,7|0,0,0,choices=0,1,2,3,4,5,6,7:validation=True
palette3:0,3,1:0;1,1,1,choices=0,1,2,3,4,5,6,7,8|1,1,1,choices=0,1,2,3,4,5,6,7,8|1,1,1,choices=0,1,2,3,4,5,6,7,8:3;1,1,1,choices=0,1,2,3,4,5,6,7|1,1,1,choices=0,1,2,3,4,5,6,7|1,1,1,choices=0,1,2,3,4,5,6,7:3;1,1,1,choices=0,1,2,3,4,5,6,7|1,1,1,choices=0,1,2,3,4,5,6,7|1,1,1,choices=0,1,2,3,4,5,6,7:validation=True
palette3:0,3,2:0;2,2,2,choices=0,1,2,3,4,5,6,7,8|2,2,2,choices=0,1,2,3,4,5,6,7,8|2,2,2,choices=0,1,2,3,4,5,6,7,8:3;2,2,2,choices=0,1,2,3,4,5,6,7|2,2,2,choices=0,1,2,3,4,5,6,7|2,2,2,choices=0,1,2,3,4,5,6,7:3;2,2,2,choices=0,1,2,3,4,5,6,7|2,2,2,choices=0,1,2,3,4,5,6,7|2,2,2,choices=0,1,2,3,4,5,6,7:validation=True
palette3:0,3,3:0;3,3,3,choices=0,1,2,3,4,5,6,7,8|3,3,3,choices=0,1,2,3,4,5,6,7,8|3,3,3,choices=0,1,2,3,4,5,6,7,8:3;3,3,3,choices=0,1,2,3,4,5,6,7|3,3,3,choices=0,1,2,3,4,5,6,7|3,3,3,choices=0,1,2,3,4,5,6,7:3;3,3,3,choices=0,1,2,3,4,5,6,7|3,3,3,choices=0,1,2,3,4,5,6,7|3,3,3,choices=0,1,2,3,4,5,6,7:validation=True
palette3:0,3,4:0;4,4,4,choices=0,1,2,3,4,5,6,7,8|4,4,4,choices=0,1,2,3,4,5,6,7,8|4,4,4,choices=0,1,2,3,4,5,6,7,8:3;4,4,4,choices=0,1,2,3,4,5,6,7|4,4,4,choices=0,1,2,3,4,5,6,7|4,4,4,choices=0,1,2,3,4,5,6,7:3;4,4,4,choices=0,1,2,3,4,5,6,7|4,4,4,choices=0,1,2,3,4,5,6,7|4,4,4,choices=0,1,2,3,4,5,6,7:validation=True
palette3:0,3,5:0;5,5,5,choices=0,1,2,3,4,5,6,7,8|5,5,5,choices=0,1,2,3,4,5,6,7,8|5,5,5,choices=0,1,2,3,4,5,6,7,8:3;5,5,5,choices=0,1,2,3,4,5,6,7|5,5,5,choices=0,1,2,3,4,5,6,7|5,5,5,choices=0,1,2,3,4,5,6,7:3;5,5,5,choices=0,1,2,3,4,5,6,7|5,5,5,choices=0,1,2,3,4,5,6,7|5,5,5,choices=0,1,2,3,4,5,6,7:validation=True
palette3:0,3,6:0;6,6,6,choices=0,1,2,3,4,5,6,7,8|6,6,6,choices=0,1,2,3,4,5,6,7,8|6,6,6,choices=0,1,2,3,4,5,6,7,8:3;6,6,6,choices=0,1,2,3,4,5,6,7|6,6,6,choices=0,1,2,3,4,5,6,7|6,6,6,choices=0,1,2,3,4,5,6,7:3;6,6,6,choices=0,1,2,3,4,5,6,7|6,6,6,choices=0,1,2,3,4,5,6,7|6,6,6,choices=0,1,2,3,4,5,6,7:validation=True
palette3:0,3,7:0;7,7,7,choices=0,1,2,3,4,5,6,7,8|7,7,7,choices=0,1,2,3,4,5,6,7,8|7,7,7,choices=0,1,2,3,4,5,6,7,8:3;7,7,7,choices=0,1,2,3,4,5,6,7|7,7,7,choices=0,1,2,3,4,5,6,7|7,7,7,choices=0,1,2,3,4,5,6,7:3;7,7,7,choices=0,1,2,3,4,5,6,7|7,7,7,choices=0,1,2,3,4,5,6,7|7,7,7,choices=0,1,2,3,4,5,6,7:validation=True
palette3:0,3,8:0;8,8,8,choices=0,1,2,3,4,5,6,7,8|8,8,8,choices=0,1,2,3,4,5,6,7,8|8,8,8,choices=0,1,2,3,4,5,6,7,8:3;8,-1,null,choices=0,1,2,3,4,5,6,7|8,-1,null,choices=0,1,2,3,4,5,6,7|8,-1,null,choices=0,1,2,3,4,5,6,7:3;8,-1,null,choices=0,1,2,3,4,5,6,7|8,-1,null,choices=0,1,2,3,4,5,6,7|8,-1,null,choices=0,1,2,3,4,5,6,7:validation=True
palette3:0,3,9:0;9,-1,null,choices=0,1,2,3,4,5,6,7,8|9,-1,null,choices=0,1,2,3,4,5,6,7,8|9,-1,null,choices=0,1,2,3,4,5,6,7,8:3;9,-1,null,choices=0,1,2,3,4,5,6,7|9,-1,null,choices=0,1,2,3,4,5,6,7|9,-1,null,choices=0,1,2,3,4,5,6,7:3;9,-1,null,choices=0,1,2,3,4,5,6,7|9,-1,null,choices=0,1,2,3,4,5,6,7|9,-1,null,choices=0,1,2,3,4,5,6,7:validation=True
palette3:0,3,39:0;39,-1,null,choices=0,1,2,3,4,5,6,7,8|39,-1,null,choices=0,1,2,3,4,5,6,7,8|39,-1,null,choices=0,1,2,3,4,5,6,7,8:3;39,-1,null,choices=0,1,2,3,4,5,6,7|39,-1,null,choices=0,1,2,3,4,5,6,7|39,-1,null,choices=0,1,2,3,4,5,6,7:3;39,-1,null,choices=0,1,2,3,4,5,6,7|39,-1,null,choices=0,1,2,3,4,5,6,7|39,-1,null,choices=0,1,2,3,4,5,6,7:validation=True
palette3:0,3,254:0;254,-1,null,choices=0,1,2,3,4,5,6,7,8|254,-1,null,choices=0,1,2,3,4,5,6,7,8|254,-1,null,choices=0,1,2,3,4,5,6,7,8:3;254,-1,null,choices=0,1,2,3,4,5,6,7|254,-1,null,choices=0,1,2,3,4,5,6,7|254,-1,null,choices=0,1,2,3,4,5,6,7:3;254,-1,null,choices=0,1,2,3,4,5,6,7|254,-1,null,choices=0,1,2,3,4,5,6,7|254,-1,null,choices=0,1,2,3,4,5,6,7:validation=True
palette3:0,3,255:0;255,-1,null,choices=0,1,2,3,4,5,6,7,8|255,-1,null,choices=0,1,2,3,4,5,6,7,8|255,-1,null,choices=0,1,2,3,4,5,6,7,8:3;255,-1,null,choices=0,1,2,3,4,5,6,7|255,-1,null,choices=0,1,2,3,4,5,6,7|255,-1,null,choices=0,1,2,3,4,5,6,7:3;255,-1,null,choices=0,1,2,3,4,5,6,7|255,-1,null,choices=0,1,2,3,4,5,6,7|255,-1,null,choices=0,1,2,3,4,5,6,7:validation=True
palette3:1,0,0:1;0,0,0,choices=0,1,2,3,4,5,6,7,8|0,0,0,choices=0,1,2,3,4,5,6,7,8|0,0,0,choices=0,1,2,3,4,5,6,7,8:0;0,0,0,choices=0,1,2,3,4,5,6,7,8|0,0,0,choices=0,1,2,3,4,5,6,7,8|0,0,0,choices=0,1,2,3,4,5,6,7,8:0;0,0,0,choices=0,1,2,3,4,5,6,7,8|0,0,0,choices=0,1,2,3,4,5,6,7,8|0,0,0,choices=0,1,2,3,4,5,6,7,8:validation=True
palette3:1,0,1:1;1,1,1,choices=0,1,2,3,4,5,6,7,8|1,1,1,choices=0,1,2,3,4,5,6,7,8|1,1,1,choices=0,1,2,3,4,5,6,7,8:0;1,1,1,choices=0,1,2,3,4,5,6,7,8|1,1,1,choices=0,1,2,3,4,5,6,7,8|1,1,1,choices=0,1,2,3,4,5,6,7,8:0;1,1,1,choices=0,1,2,3,4,5,6,7,8|1,1,1,choices=0,1,2,3,4,5,6,7,8|1,1,1,choices=0,1,2,3,4,5,6,7,8:validation=True
palette3:1,0,2:1;2,2,2,choices=0,1,2,3,4,5,6,7,8|2,2,2,choices=0,1,2,3,4,5,6,7,8|2,2,2,choices=0,1,2,3,4,5,6,7,8:0;2,2,2,choices=0,1,2,3,4,5,6,7,8|2,2,2,choices=0,1,2,3,4,5,6,7,8|2,2,2,choices=0,1,2,3,4,5,6,7,8:0;2,2,2,choices=0,1,2,3,4,5,6,7,8|2,2,2,choices=0,1,2,3,4,5,6,7,8|2,2,2,choices=0,1,2,3,4,5,6,7,8:validation=True
palette3:1,0,3:1;3,3,3,choices=0,1,2,3,4,5,6,7,8|3,3,3,choices=0,1,2,3,4,5,6,7,8|3,3,3,choices=0,1,2,3,4,5,6,7,8:0;3,3,3,choices=0,1,2,3,4,5,6,7,8|3,3,3,choices=0,1,2,3,4,5,6,7,8|3,3,3,choices=0,1,2,3,4,5,6,7,8:0;3,3,3,choices=0,1,2,3,4,5,6,7,8|3,3,3,choices=0,1,2,3,4,5,6,7,8|3,3,3,choices=0,1,2,3,4,5,6,7,8:validation=True
palette3:1,0,4:1;4,4,4,choices=0,1,2,3,4,5,6,7,8|4,4,4,choices=0,1,2,3,4,5,6,7,8|4,4,4,choices=0,1,2,3,4,5,6,7,8:0;4,4,4,choices=0,1,2,3,4,5,6,7,8|4,4,4,choices=0,1,2,3,4,5,6,7,8|4,4,4,choices=0,1,2,3,4,5,6,7,8:0;4,4,4,choices=0,1,2,3,4,5,6,7,8|4,4,4,choices=0,1,2,3,4,5,6,7,8|4,4,4,choices=0,1,2,3,4,5,6,7,8:validation=True
palette3:1,0,5:1;5,5,5,choices=0,1,2,3,4,5,6,7,8|5,5,5,choices=0,1,2,3,4,5,6,7,8|5,5,5,choices=0,1,2,3,4,5,6,7,8:0;5,5,5,choices=0,1,2,3,4,5,6,7,8|5,5,5,choices=0,1,2,3,4,5,6,7,8|5,5,5,choices=0,1,2,3,4,5,6,7,8:0;5,5,5,choices=0,1,2,3,4,5,6,7,8|5,5,5,choices=0,1,2,3,4,5,6,7,8|5,5,5,choices=0,1,2,3,4,5,6,7,8:validation=True
palette3:1,0,6:1;6,6,6,choices=0,1,2,3,4,5,6,7,8|6,6,6,choices=0,1,2,3,4,5,6,7,8|6,6,6,choices=0,1,2,3,4,5,6,7,8:0;6,6,6,choices=0,1,2,3,4,5,6,7,8|6,6,6,choices=0,1,2,3,4,5,6,7,8|6,6,6,choices=0,1,2,3,4,5,6,7,8:0;6,6,6,choices=0,1,2,3,4,5,6,7,8|6,6,6,choices=0,1,2,3,4,5,6,7,8|6,6,6,choices=0,1,2,3,4,5,6,7,8:validation=True
palette3:1,0,7:1;7,7,7,choices=0,1,2,3,4,5,6,7,8|7,7,7,choices=0,1,2,3,4,5,6,7,8|7,7,7,choices=0,1,2,3,4,5,6,7,8:0;7,7,7,choices=0,1,2,3,4,5,6,7,8|7,7,7,choices=0,1,2,3,4,5,6,7,8|7,7,7,choices=0,1,2,3,4,5,6,7,8:0;7,7,7,choices=0,1,2,3,4,5,6,7,8|7,7,7,choices=0,1,2,3,4,5,6,7,8|7,7,7,choices=0,1,2,3,4,5,6,7,8:validation=True
palette3:1,0,8:1;8,8,8,choices=0,1,2,3,4,5,6,7,8|8,8,8,choices=0,1,2,3,4,5,6,7,8|8,8,8,choices=0,1,2,3,4,5,6,7,8:0;8,8,8,choices=0,1,2,3,4,5,6,7,8|8,8,8,choices=0,1,2,3,4,5,6,7,8|8,8,8,choices=0,1,2,3,4,5,6,7,8:0;8,8,8,choices=0,1,2,3,4,5,6,7,8|8,8,8,choices=0,1,2,3,4,5,6,7,8|8,8,8,choices=0,1,2,3,4,5,6,7,8:validation=True
palette3:1,0,9:1;9,-1,null,choices=0,1,2,3,4,5,6,7,8|9,-1,null,choices=0,1,2,3,4,5,6,7,8|9,-1,null,choices=0,1,2,3,4,5,6,7,8:0;9,-1,null,choices=0,1,2,3,4,5,6,7,8|9,-1,null,choices=0,1,2,3,4,5,6,7,8|9,-1,null,choices=0,1,2,3,4,5,6,7,8:0;9,-1,null,choices=0,1,2,3,4,5,6,7,8|9,-1,null,choices=0,1,2,3,4,5,6,7,8|9,-1,null,choices=0,1,2,3,4,5,6,7,8:validation=True
palette3:1,0,39:1;39,-1,null,choices=0,1,2,3,4,5,6,7,8|39,-1,null,choices=0,1,2,3,4,5,6,7,8|39,-1,null,choices=0,1,2,3,4,5,6,7,8:0;39,-1,null,choices=0,1,2,3,4,5,6,7,8|39,-1,null,choices=0,1,2,3,4,5,6,7,8|39,-1,null,choices=0,1,2,3,4,5,6,7,8:0;39,-1,null,choices=0,1,2,3,4,5,6,7,8|39,-1,null,choices=0,1,2,3,4,5,6,7,8|39,-1,null,choices=0,1,2,3,4,5,6,7,8:validation=True
palette3:1,0,254:1;254,-1,null,choices=0,1,2,3,4,5,6,7,8|254,-1,null,choices=0,1,2,3,4,5,6,7,8|254,-1,null,choices=0,1,2,3,4,5,6,7,8:0;254,-1,null,choices=0,1,2,3,4,5,6,7,8|254,-1,null,choices=0,1,2,3,4,5,6,7,8|254,-1,null,choices=0,1,2,3,4,5,6,7,8:0;254,-1,null,choices=0,1,2,3,4,5,6,7,8|254,-1,null,choices=0,1,2,3,4,5,6,7,8|254,-1,null,choices=0,1,2,3,4,5,6,7,8:validation=True
palette3:1,0,255:1;255,-1,null,choices=0,1,2,3,4,5,6,7,8|255,-1,null,choices=0,1,2,3,4,5,6,7,8|255,-1,null,choices=0,1,2,3,4,5,6,7,8:0;255,-1,null,choices=0,1,2,3,4,5,6,7,8|255,-1,null,choices=0,1,2,3,4,5,6,7,8|255,-1,null,choices=0,1,2,3,4,5,6,7,8:0;255,-1,null,choices=0,1,2,3,4,5,6,7,8|255,-1,null,choices=0,1,2,3,4,5,6,7,8|255,-1,null,choices=0,1,2,3,4,5,6,7,8:validation=True
palette3:1,1,0:1;0,0,0,choices=0,1,2,3,4,5,6,7,8|0,0,0,choices=0,1,2,3,4,5,6,7,8|0,0,0,choices=0,1,2,3,4,5,6,7,8:1;0,0,0,choices=0,1,2,3,4,5,6,7,8|0,0,0,choices=0,1,2,3,4,5,6,7,8|0,0,0,choices=0,1,2,3,4,5,6,7,8:1;0,0,0,choices=0,1,2,3,4,5,6,7,8|0,0,0,choices=0,1,2,3,4,5,6,7,8|0,0,0,choices=0,1,2,3,4,5,6,7,8:validation=True
palette3:1,1,1:1;1,1,1,choices=0,1,2,3,4,5,6,7,8|1,1,1,choices=0,1,2,3,4,5,6,7,8|1,1,1,choices=0,1,2,3,4,5,6,7,8:1;1,1,1,choices=0,1,2,3,4,5,6,7,8|1,1,1,choices=0,1,2,3,4,5,6,7,8|1,1,1,choices=0,1,2,3,4,5,6,7,8:1;1,1,1,choices=0,1,2,3,4,5,6,7,8|1,1,1,choices=0,1,2,3,4,5,6,7,8|1,1,1,choices=0,1,2,3,4,5,6,7,8:validation=True
palette3:1,1,2:1;2,2,2,choices=0,1,2,3,4,5,6,7,8|2,2,2,choices=0,1,2,3,4,5,6,7,8|2,2,2,choices=0,1,2,3,4,5,6,7,8:1;2,2,2,choices=0,1,2,3,4,5,6,7,8|2,2,2,choices=0,1,2,3,4,5,6,7,8|2,2,2,choices=0,1,2,3,4,5,6,7,8:1;2,2,2,choices=0,1,2,3,4,5,6,7,8|2,2,2,choices=0,1,2,3,4,5,6,7,8|2,2,2,choices=0,1,2,3,4,5,6,7,8:validation=True
palette3:1,1,3:1;3,3,3,choices=0,1,2,3,4,5,6,7,8|3,3,3,choices=0,1,2,3,4,5,6,7,8|3,3,3,choices=0,1,2,3,4,5,6,7,8:1;3,3,3,choices=0,1,2,3,4,5,6,7,8|3,3,3,choices=0,1,2,3,4,5,6,7,8|3,3,3,choices=0,1,2,3,4,5,6,7,8:1;3,3,3,choices=0,1,2,3,4,5,6,7,8|3,3,3,choices=0,1,2,3,4,5,6,7,8|3,3,3,choices=0,1,2,3,4,5,6,7,8:validation=True
palette3:1,1,4:1;4,4,4,choices=0,1,2,3,4,5,6,7,8|4,4,4,choices=0,1,2,3,4,5,6,7,8|4,4,4,choices=0,1,2,3,4,5,6,7,8:1;4,4,4,choices=0,1,2,3,4,5,6,7,8|4,4,4,choices=0,1,2,3,4,5,6,7,8|4,4,4,choices=0,1,2,3,4,5,6,7,8:1;4,4,4,choices=0,1,2,3,4,5,6,7,8|4,4,4,choices=0,1,2,3,4,5,6,7,8|4,4,4,choices=0,1,2,3,4,5,6,7,8:validation=True
palette3:1,1,5:1;5,5,5,choices=0,1,2,3,4,5,6,7,8|5,5,5,choices=0,1,2,3,4,5,6,7,8|5,5,5,choices=0,1,2,3,4,5,6,7,8:1;5,5,5,choices=0,1,2,3,4,5,6,7,8|5,5,5,choices=0,1,2,3,4,5,6,7,8|5,5,5,choices=0,1,2,3,4,5,6,7,8:1;5,5,5,choices=0,1,2,3,4,5,6,7,8|5,5,5,choices=0,1,2,3,4,5,6,7,8|5,5,5,choices=0,1,2,3,4,5,6,7,8:validation=True
palette3:1,1,6:1;6,6,6,choices=0,1,2,3,4,5,6,7,8|6,6,6,choices=0,1,2,3,4,5,6,7,8|6,6,6,choices=0,1,2,3,4,5,6,7,8:1;6,6,6,choices=0,1,2,3,4,5,6,7,8|6,6,6,choices=0,1,2,3,4,5,6,7,8|6,6,6,choices=0,1,2,3,4,5,6,7,8:1;6,6,6,choices=0,1,2,3,4,5,6,7,8|6,6,6,choices=0,1,2,3,4,5,6,7,8|6,6,6,choices=0,1,2,3,4,5,6,7,8:validation=True
palette3:1,1,7:1;7,7,7,choices=0,1,2,3,4,5,6,7,8|7,7,7,choices=0,1,2,3,4,5,6,7,8|7,7,7,choices=0,1,2,3,4,5,6,7,8:1;7,7,7,choices=0,1,2,3,4,5,6,7,8|7,7,7,choices=0,1,2,3,4,5,6,7,8|7,7,7,choices=0,1,2,3,4,5,6,7,8:1;7,7,7,choices=0,1,2,3,4,5,6,7,8|7,7,7,choices=0,1,2,3,4,5,6,7,8|7,7,7,choices=0,1,2,3,4,5,6,7,8:validation=True
palette3:1,1,8:1;8,8,8,choices=0,1,2,3,4,5,6,7,8|8,8,8,choices=0,1,2,3,4,5,6,7,8|8,8,8,choices=0,1,2,3,4,5,6,7,8:1;8,8,8,choices=0,1,2,3,4,5,6,7,8|8,8,8,choices=0,1,2,3,4,5,6,7,8|8,8,8,choices=0,1,2,3,4,5,6,7,8:1;8,8,8,choices=0,1,2,3,4,5,6,7,8|8,8,8,choices=0,1,2,3,4,5,6,7,8|8,8,8,choices=0,1,2,3,4,5,6,7,8:validation=True
palette3:1,1,9:1;9,-1,null,choices=0,1,2,3,4,5,6,7,8|9,-1,null,choices=0,1,2,3,4,5,6,7,8|9,-1,null,choices=0,1,2,3,4,5,6,7,8:1;9,-1,null,choices=0,1,2,3,4,5,6,7,8|9,-1,null,choices=0,1,2,3,4,5,6,7,8|9,-1,null,choices=0,1,2,3,4,5,6,7,8:1;9,-1,null,choices=0,1,2,3,4,5,6,7,8|9,-1,null,choices=0,1,2,3,4,5,6,7,8|9,-1,null,choices=0,1,2,3,4,5,6,7,8:validation=True
palette3:1,1,39:1;39,-1,null,choices=0,1,2,3,4,5,6,7,8|39,-1,null,choices=0,1,2,3,4,5,6,7,8|39,-1,null,choices=0,1,2,3,4,5,6,7,8:1;39,-1,null,choices=0,1,2,3,4,5,6,7,8|39,-1,null,choices=0,1,2,3,4,5,6,7,8|39,-1,null,choices=0,1,2,3,4,5,6,7,8:1;39,-1,null,choices=0,1,2,3,4,5,6,7,8|39,-1,null,choices=0,1,2,3,4,5,6,7,8|39,-1,null,choices=0,1,2,3,4,5,6,7,8:validation=True
palette3:1,1,254:1;254,-1,null,choices=0,1,2,3,4,5,6,7,8|254,-1,null,choices=0,1,2,3,4,5,6,7,8|254,-1,null,choices=0,1,2,3,4,5,6,7,8:1;254,-1,null,choices=0,1,2,3,4,5,6,7,8|254,-1,null,choices=0,1,2,3,4,5,6,7,8|254,-1,null,choices=0,1,2,3,4,5,6,7,8:1;254,-1,null,choices=0,1,2,3,4,5,6,7,8|254,-1,null,choices=0,1,2,3,4,5,6,7,8|254,-1,null,choices=0,1,2,3,4,5,6,7,8:validation=True
palette3:1,1,255:1;255,-1,null,choices=0,1,2,3,4,5,6,7,8|255,-1,null,choices=0,1,2,3,4,5,6,7,8|255,-1,null,choices=0,1,2,3,4,5,6,7,8:1;255,-1,null,choices=0,1,2,3,4,5,6,7,8|255,-1,null,choices=0,1,2,3,4,5,6,7,8|255,-1,null,choices=0,1,2,3,4,5,6,7,8:1;255,-1,null,choices=0,1,2,3,4,5,6,7,8|255,-1,null,choices=0,1,2,3,4,5,6,7,8|255,-1,null,choices=0,1,2,3,4,5,6,7,8:validation=True
palette3:1,2,0:1;0,0,0,choices=0,1,2,3,4,5,6,7,8|0,0,0,choices=0,1,2,3,4,5,6,7,8|0,0,0,choices=0,1,2,3,4,5,6,7,8:2;0,0,0,choices=0,1,2,3,4,5,6,7|0,0,0,choices=0,1,2,3,4,5,6,7|0,0,0,choices=0,1,2,3,4,5,6,7:2;0,0,0,choices=0,1,2,3,4,5,6,7|0,0,0,choices=0,1,2,3,4,5,6,7|0,0,0,choices=0,1,2,3,4,5,6,7:validation=True
palette3:1,2,1:1;1,1,1,choices=0,1,2,3,4,5,6,7,8|1,1,1,choices=0,1,2,3,4,5,6,7,8|1,1,1,choices=0,1,2,3,4,5,6,7,8:2;1,1,1,choices=0,1,2,3,4,5,6,7|1,1,1,choices=0,1,2,3,4,5,6,7|1,1,1,choices=0,1,2,3,4,5,6,7:2;1,1,1,choices=0,1,2,3,4,5,6,7|1,1,1,choices=0,1,2,3,4,5,6,7|1,1,1,choices=0,1,2,3,4,5,6,7:validation=True
palette3:1,2,2:1;2,2,2,choices=0,1,2,3,4,5,6,7,8|2,2,2,choices=0,1,2,3,4,5,6,7,8|2,2,2,choices=0,1,2,3,4,5,6,7,8:2;2,2,2,choices=0,1,2,3,4,5,6,7|2,2,2,choices=0,1,2,3,4,5,6,7|2,2,2,choices=0,1,2,3,4,5,6,7:2;2,2,2,choices=0,1,2,3,4,5,6,7|2,2,2,choices=0,1,2,3,4,5,6,7|2,2,2,choices=0,1,2,3,4,5,6,7:validation=True
palette3:1,2,3:1;3,3,3,choices=0,1,2,3,4,5,6,7,8|3,3,3,choices=0,1,2,3,4,5,6,7,8|3,3,3,choices=0,1,2,3,4,5,6,7,8:2;3,3,3,choices=0,1,2,3,4,5,6,7|3,3,3,choices=0,1,2,3,4,5,6,7|3,3,3,choices=0,1,2,3,4,5,6,7:2;3,3,3,choices=0,1,2,3,4,5,6,7|3,3,3,choices=0,1,2,3,4,5,6,7|3,3,3,choices=0,1,2,3,4,5,6,7:validation=True
palette3:1,2,4:1;4,4,4,choices=0,1,2,3,4,5,6,7,8|4,4,4,choices=0,1,2,3,4,5,6,7,8|4,4,4,choices=0,1,2,3,4,5,6,7,8:2;4,4,4,choices=0,1,2,3,4,5,6,7|4,4,4,choices=0,1,2,3,4,5,6,7|4,4,4,choices=0,1,2,3,4,5,6,7:2;4,4,4,choices=0,1,2,3,4,5,6,7|4,4,4,choices=0,1,2,3,4,5,6,7|4,4,4,choices=0,1,2,3,4,5,6,7:validation=True
palette3:1,2,5:1;5,5,5,choices=0,1,2,3,4,5,6,7,8|5,5,5,choices=0,1,2,3,4,5,6,7,8|5,5,5,choices=0,1,2,3,4,5,6,7,8:2;5,5,5,choices=0,1,2,3,4,5,6,7|5,5,5,choices=0,1,2,3,4,5,6,7|5,5,5,choices=0,1,2,3,4,5,6,7:2;5,5,5,choices=0,1,2,3,4,5,6,7|5,5,5,choices=0,1,2,3,4,5,6,7|5,5,5,choices=0,1,2,3,4,5,6,7:validation=True
palette3:1,2,6:1;6,6,6,choices=0,1,2,3,4,5,6,7,8|6,6,6,choices=0,1,2,3,4,5,6,7,8|6,6,6,choices=0,1,2,3,4,5,6,7,8:2;6,6,6,choices=0,1,2,3,4,5,6,7|6,6,6,choices=0,1,2,3,4,5,6,7|6,6,6,choices=0,1,2,3,4,5,6,7:2;6,6,6,choices=0,1,2,3,4,5,6,7|6,6,6,choices=0,1,2,3,4,5,6,7|6,6,6,choices=0,1,2,3,4,5,6,7:validation=True
palette3:1,2,7:1;7,7,7,choices=0,1,2,3,4,5,6,7,8|7,7,7,choices=0,1,2,3,4,5,6,7,8|7,7,7,choices=0,1,2,3,4,5,6,7,8:2;7,7,7,choices=0,1,2,3,4,5,6,7|7,7,7,choices=0,1,2,3,4,5,6,7|7,7,7,choices=0,1,2,3,4,5,6,7:2;7,7,7,choices=0,1,2,3,4,5,6,7|7,7,7,choices=0,1,2,3,4,5,6,7|7,7,7,choices=0,1,2,3,4,5,6,7:validation=True
palette3:1,2,8:1;8,8,8,choices=0,1,2,3,4,5,6,7,8|8,8,8,choices=0,1,2,3,4,5,6,7,8|8,8,8,choices=0,1,2,3,4,5,6,7,8:2;8,-1,null,choices=0,1,2,3,4,5,6,7|8,-1,null,choices=0,1,2,3,4,5,6,7|8,-1,null,choices=0,1,2,3,4,5,6,7:2;8,-1,null,choices=0,1,2,3,4,5,6,7|8,-1,null,choices=0,1,2,3,4,5,6,7|8,-1,null,choices=0,1,2,3,4,5,6,7:validation=True
palette3:1,2,9:1;9,-1,null,choices=0,1,2,3,4,5,6,7,8|9,-1,null,choices=0,1,2,3,4,5,6,7,8|9,-1,null,choices=0,1,2,3,4,5,6,7,8:2;9,-1,null,choices=0,1,2,3,4,5,6,7|9,-1,null,choices=0,1,2,3,4,5,6,7|9,-1,null,choices=0,1,2,3,4,5,6,7:2;9,-1,null,choices=0,1,2,3,4,5,6,7|9,-1,null,choices=0,1,2,3,4,5,6,7|9,-1,null,choices=0,1,2,3,4,5,6,7:validation=True
palette3:1,2,39:1;39,-1,null,choices=0,1,2,3,4,5,6,7,8|39,-1,null,choices=0,1,2,3,4,5,6,7,8|39,-1,null,choices=0,1,2,3,4,5,6,7,8:2;39,-1,null,choices=0,1,2,3,4,5,6,7|39,-1,null,choices=0,1,2,3,4,5,6,7|39,-1,null,choices=0,1,2,3,4,5,6,7:2;39,-1,null,choices=0,1,2,3,4,5,6,7|39,-1,null,choices=0,1,2,3,4,5,6,7|39,-1,null,choices=0,1,2,3,4,5,6,7:validation=True
palette3:1,2,254:1;254,-1,null,choices=0,1,2,3,4,5,6,7,8|254,-1,null,choices=0,1,2,3,4,5,6,7,8|254,-1,null,choices=0,1,2,3,4,5,6,7,8:2;254,-1,null,choices=0,1,2,3,4,5,6,7|254,-1,null,choices=0,1,2,3,4,5,6,7|254,-1,null,choices=0,1,2,3,4,5,6,7:2;254,-1,null,choices=0,1,2,3,4,5,6,7|254,-1,null,choices=0,1,2,3,4,5,6,7|254,-1,null,choices=0,1,2,3,4,5,6,7:validation=True
palette3:1,2,255:1;255,-1,null,choices=0,1,2,3,4,5,6,7,8|255,-1,null,choices=0,1,2,3,4,5,6,7,8|255,-1,null,choices=0,1,2,3,4,5,6,7,8:2;255,-1,null,choices=0,1,2,3,4,5,6,7|255,-1,null,choices=0,1,2,3,4,5,6,7|255,-1,null,choices=0,1,2,3,4,5,6,7:2;255,-1,null,choices=0,1,2,3,4,5,6,7|255,-1,null,choices=0,1,2,3,4,5,6,7|255,-1,null,choices=0,1,2,3,4,5,6,7:validation=True
palette3:1,3,0:1;0,0,0,choices=0,1,2,3,4,5,6,7,8|0,0,0,choices=0,1,2,3,4,5,6,7,8|0,0,0,choices=0,1,2,3,4,5,6,7,8:3;0,0,0,choices=0,1,2,3,4,5,6,7|0,0,0,choices=0,1,2,3,4,5,6,7|0,0,0,choices=0,1,2,3,4,5,6,7:3;0,0,0,choices=0,1,2,3,4,5,6,7|0,0,0,choices=0,1,2,3,4,5,6,7|0,0,0,choices=0,1,2,3,4,5,6,7:validation=True
palette3:1,3,1:1;1,1,1,choices=0,1,2,3,4,5,6,7,8|1,1,1,choices=0,1,2,3,4,5,6,7,8|1,1,1,choices=0,1,2,3,4,5,6,7,8:3;1,1,1,choices=0,1,2,3,4,5,6,7|1,1,1,choices=0,1,2,3,4,5,6,7|1,1,1,choices=0,1,2,3,4,5,6,7:3;1,1,1,choices=0,1,2,3,4,5,6,7|1,1,1,choices=0,1,2,3,4,5,6,7|1,1,1,choices=0,1,2,3,4,5,6,7:validation=True
palette3:1,3,2:1;2,2,2,choices=0,1,2,3,4,5,6,7,8|2,2,2,choices=0,1,2,3,4,5,6,7,8|2,2,2,choices=0,1,2,3,4,5,6,7,8:3;2,2,2,choices=0,1,2,3,4,5,6,7|2,2,2,choices=0,1,2,3,4,5,6,7|2,2,2,choices=0,1,2,3,4,5,6,7:3;2,2,2,choices=0,1,2,3,4,5,6,7|2,2,2,choices=0,1,2,3,4,5,6,7|2,2,2,choices=0,1,2,3,4,5,6,7:validation=True
palette3:1,3,3:1;3,3,3,choices=0,1,2,3,4,5,6,7,8|3,3,3,choices=0,1,2,3,4,5,6,7,8|3,3,3,choices=0,1,2,3,4,5,6,7,8:3;3,3,3,choices=0,1,2,3,4,5,6,7|3,3,3,choices=0,1,2,3,4,5,6,7|3,3,3,choices=0,1,2,3,4,5,6,7:3;3,3,3,choices=0,1,2,3,4,5,6,7|3,3,3,choices=0,1,2,3,4,5,6,7|3,3,3,choices=0,1,2,3,4,5,6,7:validation=True
palette3:1,3,4:1;4,4,4,choices=0,1,2,3,4,5,6,7,8|4,4,4,choices=0,1,2,3,4,5,6,7,8|4,4,4,choices=0,1,2,3,4,5,6,7,8:3;4,4,4,choices=0,1,2,3,4,5,6,7|4,4,4,choices=0,1,2,3,4,5,6,7|4,4,4,choices=0,1,2,3,4,5,6,7:3;4,4,4,choices=0,1,2,3,4,5,6,7|4,4,4,choices=0,1,2,3,4,5,6,7|4,4,4,choices=0,1,2,3,4,5,6,7:validation=True
palette3:1,3,5:1;5,5,5,choices=0,1,2,3,4,5,6,7,8|5,5,5,choices=0,1,2,3,4,5,6,7,8|5,5,5,choices=0,1,2,3,4,5,6,7,8:3;5,5,5,choices=0,1,2,3,4,5,6,7|5,5,5,choices=0,1,2,3,4,5,6,7|5,5,5,choices=0,1,2,3,4,5,6,7:3;5,5,5,choices=0,1,2,3,4,5,6,7|5,5,5,choices=0,1,2,3,4,5,6,7|5,5,5,choices=0,1,2,3,4,5,6,7:validation=True
palette3:1,3,6:1;6,6,6,choices=0,1,2,3,4,5,6,7,8|6,6,6,choices=0,1,2,3,4,5,6,7,8|6,6,6,choices=0,1,2,3,4,5,6,7,8:3;6,6,6,choices=0,1,2,3,4,5,6,7|6,6,6,choices=0,1,2,3,4,5,6,7|6,6,6,choices=0,1,2,3,4,5,6,7:3;6,6,6,choices=0,1,2,3,4,5,6,7|6,6,6,choices=0,1,2,3,4,5,6,7|6,6,6,choices=0,1,2,3,4,5,6,7:validation=True
palette3:1,3,7:1;7,7,7,choices=0,1,2,3,4,5,6,7,8|7,7,7,choices=0,1,2,3,4,5,6,7,8|7,7,7,choices=0,1,2,3,4,5,6,7,8:3;7,7,7,choices=0,1,2,3,4,5,6,7|7,7,7,choices=0,1,2,3,4,5,6,7|7,7,7,choices=0,1,2,3,4,5,6,7:3;7,7,7,choices=0,1,2,3,4,5,6,7|7,7,7,choices=0,1,2,3,4,5,6,7|7,7,7,choices=0,1,2,3,4,5,6,7:validation=True
palette3:1,3,8:1;8,8,8,choices=0,1,2,3,4,5,6,7,8|8,8,8,choices=0,1,2,3,4,5,6,7,8|8,8,8,choices=0,1,2,3,4,5,6,7,8:3;8,-1,null,choices=0,1,2,3,4,5,6,7|8,-1,null,choices=0,1,2,3,4,5,6,7|8,-1,null,choices=0,1,2,3,4,5,6,7:3;8,-1,null,choices=0,1,2,3,4,5,6,7|8,-1,null,choices=0,1,2,3,4,5,6,7|8,-1,null,choices=0,1,2,3,4,5,6,7:validation=True
palette3:1,3,9:1;9,-1,null,choices=0,1,2,3,4,5,6,7,8|9,-1,null,choices=0,1,2,3,4,5,6,7,8|9,-1,null,choices=0,1,2,3,4,5,6,7,8:3;9,-1,null,choices=0,1,2,3,4,5,6,7|9,-1,null,choices=0,1,2,3,4,5,6,7|9,-1,null,choices=0,1,2,3,4,5,6,7:3;9,-1,null,choices=0,1,2,3,4,5,6,7|9,-1,null,choices=0,1,2,3,4,5,6,7|9,-1,null,choices=0,1,2,3,4,5,6,7:validation=True
palette3:1,3,39:1;39,-1,null,choices=0,1,2,3,4,5,6,7,8|39,-1,null,choices=0,1,2,3,4,5,6,7,8|39,-1,null,choices=0,1,2,3,4,5,6,7,8:3;39,-1,null,choices=0,1,2,3,4,5,6,7|39,-1,null,choices=0,1,2,3,4,5,6,7|39,-1,null,choices=0,1,2,3,4,5,6,7:3;39,-1,null,choices=0,1,2,3,4,5,6,7|39,-1,null,choices=0,1,2,3,4,5,6,7|39,-1,null,choices=0,1,2,3,4,5,6,7:validation=True
palette3:1,3,254:1;254,-1,null,choices=0,1,2,3,4,5,6,7,8|254,-1,null,choices=0,1,2,3,4,5,6,7,8|254,-1,null,choices=0,1,2,3,4,5,6,7,8:3;254,-1,null,choices=0,1,2,3,4,5,6,7|254,-1,null,choices=0,1,2,3,4,5,6,7|254,-1,null,choices=0,1,2,3,4,5,6,7:3;254,-1,null,choices=0,1,2,3,4,5,6,7|254,-1,null,choices=0,1,2,3,4,5,6,7|254,-1,null,choices=0,1,2,3,4,5,6,7:validation=True
palette3:1,3,255:1;255,-1,null,choices=0,1,2,3,4,5,6,7,8|255,-1,null,choices=0,1,2,3,4,5,6,7,8|255,-1,null,choices=0,1,2,3,4,5,6,7,8:3;255,-1,null,choices=0,1,2,3,4,5,6,7|255,-1,null,choices=0,1,2,3,4,5,6,7|255,-1,null,choices=0,1,2,3,4,5,6,7:3;255,-1,null,choices=0,1,2,3,4,5,6,7|255,-1,null,choices=0,1,2,3,4,5,6,7|255,-1,null,choices=0,1,2,3,4,5,6,7:validation=True

capture:job-quick-palette-d23ce5a0-1
runtime:Microsoft Windows NT 6.2.9200.0:4.0.30319.42000:pointer-size=4
palette3:2,0,0:2;0,0,0,choices=0,1,2,3,4,5,6,7|0,0,0,choices=0,1,2,3,4,5,6,7|0,0,0,choices=0,1,2,3,4,5,6,7:0;0,0,0,choices=0,1,2,3,4,5,6,7,8|0,0,0,choices=0,1,2,3,4,5,6,7,8|0,0,0,choices=0,1,2,3,4,5,6,7,8:0;0,0,0,choices=0,1,2,3,4,5,6,7,8|0,0,0,choices=0,1,2,3,4,5,6,7,8|0,0,0,choices=0,1,2,3,4,5,6,7,8:validation=True
palette3:2,0,1:2;1,1,1,choices=0,1,2,3,4,5,6,7|1,1,1,choices=0,1,2,3,4,5,6,7|1,1,1,choices=0,1,2,3,4,5,6,7:0;1,1,1,choices=0,1,2,3,4,5,6,7,8|1,1,1,choices=0,1,2,3,4,5,6,7,8|1,1,1,choices=0,1,2,3,4,5,6,7,8:0;1,1,1,choices=0,1,2,3,4,5,6,7,8|1,1,1,choices=0,1,2,3,4,5,6,7,8|1,1,1,choices=0,1,2,3,4,5,6,7,8:validation=True
palette3:2,0,2:2;2,2,2,choices=0,1,2,3,4,5,6,7|2,2,2,choices=0,1,2,3,4,5,6,7|2,2,2,choices=0,1,2,3,4,5,6,7:0;2,2,2,choices=0,1,2,3,4,5,6,7,8|2,2,2,choices=0,1,2,3,4,5,6,7,8|2,2,2,choices=0,1,2,3,4,5,6,7,8:0;2,2,2,choices=0,1,2,3,4,5,6,7,8|2,2,2,choices=0,1,2,3,4,5,6,7,8|2,2,2,choices=0,1,2,3,4,5,6,7,8:validation=True
palette3:2,0,3:2;3,3,3,choices=0,1,2,3,4,5,6,7|3,3,3,choices=0,1,2,3,4,5,6,7|3,3,3,choices=0,1,2,3,4,5,6,7:0;3,3,3,choices=0,1,2,3,4,5,6,7,8|3,3,3,choices=0,1,2,3,4,5,6,7,8|3,3,3,choices=0,1,2,3,4,5,6,7,8:0;3,3,3,choices=0,1,2,3,4,5,6,7,8|3,3,3,choices=0,1,2,3,4,5,6,7,8|3,3,3,choices=0,1,2,3,4,5,6,7,8:validation=True
palette3:2,0,4:2;4,4,4,choices=0,1,2,3,4,5,6,7|4,4,4,choices=0,1,2,3,4,5,6,7|4,4,4,choices=0,1,2,3,4,5,6,7:0;4,4,4,choices=0,1,2,3,4,5,6,7,8|4,4,4,choices=0,1,2,3,4,5,6,7,8|4,4,4,choices=0,1,2,3,4,5,6,7,8:0;4,4,4,choices=0,1,2,3,4,5,6,7,8|4,4,4,choices=0,1,2,3,4,5,6,7,8|4,4,4,choices=0,1,2,3,4,5,6,7,8:validation=True
palette3:2,0,5:2;5,5,5,choices=0,1,2,3,4,5,6,7|5,5,5,choices=0,1,2,3,4,5,6,7|5,5,5,choices=0,1,2,3,4,5,6,7:0;5,5,5,choices=0,1,2,3,4,5,6,7,8|5,5,5,choices=0,1,2,3,4,5,6,7,8|5,5,5,choices=0,1,2,3,4,5,6,7,8:0;5,5,5,choices=0,1,2,3,4,5,6,7,8|5,5,5,choices=0,1,2,3,4,5,6,7,8|5,5,5,choices=0,1,2,3,4,5,6,7,8:validation=True
palette3:2,0,6:2;6,6,6,choices=0,1,2,3,4,5,6,7|6,6,6,choices=0,1,2,3,4,5,6,7|6,6,6,choices=0,1,2,3,4,5,6,7:0;6,6,6,choices=0,1,2,3,4,5,6,7,8|6,6,6,choices=0,1,2,3,4,5,6,7,8|6,6,6,choices=0,1,2,3,4,5,6,7,8:0;6,6,6,choices=0,1,2,3,4,5,6,7,8|6,6,6,choices=0,1,2,3,4,5,6,7,8|6,6,6,choices=0,1,2,3,4,5,6,7,8:validation=True
palette3:2,0,7:2;7,7,7,choices=0,1,2,3,4,5,6,7|7,7,7,choices=0,1,2,3,4,5,6,7|7,7,7,choices=0,1,2,3,4,5,6,7:0;7,7,7,choices=0,1,2,3,4,5,6,7,8|7,7,7,choices=0,1,2,3,4,5,6,7,8|7,7,7,choices=0,1,2,3,4,5,6,7,8:0;7,7,7,choices=0,1,2,3,4,5,6,7,8|7,7,7,choices=0,1,2,3,4,5,6,7,8|7,7,7,choices=0,1,2,3,4,5,6,7,8:validation=True
palette3:2,0,8:2;8,-1,null,choices=0,1,2,3,4,5,6,7|8,-1,null,choices=0,1,2,3,4,5,6,7|8,-1,null,choices=0,1,2,3,4,5,6,7:0;8,8,8,choices=0,1,2,3,4,5,6,7,8|8,8,8,choices=0,1,2,3,4,5,6,7,8|8,8,8,choices=0,1,2,3,4,5,6,7,8:0;8,8,8,choices=0,1,2,3,4,5,6,7,8|8,8,8,choices=0,1,2,3,4,5,6,7,8|8,8,8,choices=0,1,2,3,4,5,6,7,8:validation=True
palette3:2,0,9:2;9,-1,null,choices=0,1,2,3,4,5,6,7|9,-1,null,choices=0,1,2,3,4,5,6,7|9,-1,null,choices=0,1,2,3,4,5,6,7:0;9,-1,null,choices=0,1,2,3,4,5,6,7,8|9,-1,null,choices=0,1,2,3,4,5,6,7,8|9,-1,null,choices=0,1,2,3,4,5,6,7,8:0;9,-1,null,choices=0,1,2,3,4,5,6,7,8|9,-1,null,choices=0,1,2,3,4,5,6,7,8|9,-1,null,choices=0,1,2,3,4,5,6,7,8:validation=True
palette3:2,0,39:2;39,-1,null,choices=0,1,2,3,4,5,6,7|39,-1,null,choices=0,1,2,3,4,5,6,7|39,-1,null,choices=0,1,2,3,4,5,6,7:0;39,-1,null,choices=0,1,2,3,4,5,6,7,8|39,-1,null,choices=0,1,2,3,4,5,6,7,8|39,-1,null,choices=0,1,2,3,4,5,6,7,8:0;39,-1,null,choices=0,1,2,3,4,5,6,7,8|39,-1,null,choices=0,1,2,3,4,5,6,7,8|39,-1,null,choices=0,1,2,3,4,5,6,7,8:validation=True
palette3:2,0,254:2;254,-1,null,choices=0,1,2,3,4,5,6,7|254,-1,null,choices=0,1,2,3,4,5,6,7|254,-1,null,choices=0,1,2,3,4,5,6,7:0;254,-1,null,choices=0,1,2,3,4,5,6,7,8|254,-1,null,choices=0,1,2,3,4,5,6,7,8|254,-1,null,choices=0,1,2,3,4,5,6,7,8:0;254,-1,null,choices=0,1,2,3,4,5,6,7,8|254,-1,null,choices=0,1,2,3,4,5,6,7,8|254,-1,null,choices=0,1,2,3,4,5,6,7,8:validation=True
palette3:2,0,255:2;255,-1,null,choices=0,1,2,3,4,5,6,7|255,-1,null,choices=0,1,2,3,4,5,6,7|255,-1,null,choices=0,1,2,3,4,5,6,7:0;255,-1,null,choices=0,1,2,3,4,5,6,7,8|255,-1,null,choices=0,1,2,3,4,5,6,7,8|255,-1,null,choices=0,1,2,3,4,5,6,7,8:0;255,-1,null,choices=0,1,2,3,4,5,6,7,8|255,-1,null,choices=0,1,2,3,4,5,6,7,8|255,-1,null,choices=0,1,2,3,4,5,6,7,8:validation=True
palette3:2,1,0:2;0,0,0,choices=0,1,2,3,4,5,6,7|0,0,0,choices=0,1,2,3,4,5,6,7|0,0,0,choices=0,1,2,3,4,5,6,7:1;0,0,0,choices=0,1,2,3,4,5,6,7,8|0,0,0,choices=0,1,2,3,4,5,6,7,8|0,0,0,choices=0,1,2,3,4,5,6,7,8:1;0,0,0,choices=0,1,2,3,4,5,6,7,8|0,0,0,choices=0,1,2,3,4,5,6,7,8|0,0,0,choices=0,1,2,3,4,5,6,7,8:validation=True
palette3:2,1,1:2;1,1,1,choices=0,1,2,3,4,5,6,7|1,1,1,choices=0,1,2,3,4,5,6,7|1,1,1,choices=0,1,2,3,4,5,6,7:1;1,1,1,choices=0,1,2,3,4,5,6,7,8|1,1,1,choices=0,1,2,3,4,5,6,7,8|1,1,1,choices=0,1,2,3,4,5,6,7,8:1;1,1,1,choices=0,1,2,3,4,5,6,7,8|1,1,1,choices=0,1,2,3,4,5,6,7,8|1,1,1,choices=0,1,2,3,4,5,6,7,8:validation=True
palette3:2,1,2:2;2,2,2,choices=0,1,2,3,4,5,6,7|2,2,2,choices=0,1,2,3,4,5,6,7|2,2,2,choices=0,1,2,3,4,5,6,7:1;2,2,2,choices=0,1,2,3,4,5,6,7,8|2,2,2,choices=0,1,2,3,4,5,6,7,8|2,2,2,choices=0,1,2,3,4,5,6,7,8:1;2,2,2,choices=0,1,2,3,4,5,6,7,8|2,2,2,choices=0,1,2,3,4,5,6,7,8|2,2,2,choices=0,1,2,3,4,5,6,7,8:validation=True
palette3:2,1,3:2;3,3,3,choices=0,1,2,3,4,5,6,7|3,3,3,choices=0,1,2,3,4,5,6,7|3,3,3,choices=0,1,2,3,4,5,6,7:1;3,3,3,choices=0,1,2,3,4,5,6,7,8|3,3,3,choices=0,1,2,3,4,5,6,7,8|3,3,3,choices=0,1,2,3,4,5,6,7,8:1;3,3,3,choices=0,1,2,3,4,5,6,7,8|3,3,3,choices=0,1,2,3,4,5,6,7,8|3,3,3,choices=0,1,2,3,4,5,6,7,8:validation=True
palette3:2,1,4:2;4,4,4,choices=0,1,2,3,4,5,6,7|4,4,4,choices=0,1,2,3,4,5,6,7|4,4,4,choices=0,1,2,3,4,5,6,7:1;4,4,4,choices=0,1,2,3,4,5,6,7,8|4,4,4,choices=0,1,2,3,4,5,6,7,8|4,4,4,choices=0,1,2,3,4,5,6,7,8:1;4,4,4,choices=0,1,2,3,4,5,6,7,8|4,4,4,choices=0,1,2,3,4,5,6,7,8|4,4,4,choices=0,1,2,3,4,5,6,7,8:validation=True
palette3:2,1,5:2;5,5,5,choices=0,1,2,3,4,5,6,7|5,5,5,choices=0,1,2,3,4,5,6,7|5,5,5,choices=0,1,2,3,4,5,6,7:1;5,5,5,choices=0,1,2,3,4,5,6,7,8|5,5,5,choices=0,1,2,3,4,5,6,7,8|5,5,5,choices=0,1,2,3,4,5,6,7,8:1;5,5,5,choices=0,1,2,3,4,5,6,7,8|5,5,5,choices=0,1,2,3,4,5,6,7,8|5,5,5,choices=0,1,2,3,4,5,6,7,8:validation=True
palette3:2,1,6:2;6,6,6,choices=0,1,2,3,4,5,6,7|6,6,6,choices=0,1,2,3,4,5,6,7|6,6,6,choices=0,1,2,3,4,5,6,7:1;6,6,6,choices=0,1,2,3,4,5,6,7,8|6,6,6,choices=0,1,2,3,4,5,6,7,8|6,6,6,choices=0,1,2,3,4,5,6,7,8:1;6,6,6,choices=0,1,2,3,4,5,6,7,8|6,6,6,choices=0,1,2,3,4,5,6,7,8|6,6,6,choices=0,1,2,3,4,5,6,7,8:validation=True
palette3:2,1,7:2;7,7,7,choices=0,1,2,3,4,5,6,7|7,7,7,choices=0,1,2,3,4,5,6,7|7,7,7,choices=0,1,2,3,4,5,6,7:1;7,7,7,choices=0,1,2,3,4,5,6,7,8|7,7,7,choices=0,1,2,3,4,5,6,7,8|7,7,7,choices=0,1,2,3,4,5,6,7,8:1;7,7,7,choices=0,1,2,3,4,5,6,7,8|7,7,7,choices=0,1,2,3,4,5,6,7,8|7,7,7,choices=0,1,2,3,4,5,6,7,8:validation=True
palette3:2,1,8:2;8,-1,null,choices=0,1,2,3,4,5,6,7|8,-1,null,choices=0,1,2,3,4,5,6,7|8,-1,null,choices=0,1,2,3,4,5,6,7:1;8,8,8,choices=0,1,2,3,4,5,6,7,8|8,8,8,choices=0,1,2,3,4,5,6,7,8|8,8,8,choices=0,1,2,3,4,5,6,7,8:1;8,8,8,choices=0,1,2,3,4,5,6,7,8|8,8,8,choices=0,1,2,3,4,5,6,7,8|8,8,8,choices=0,1,2,3,4,5,6,7,8:validation=True
palette3:2,1,9:2;9,-1,null,choices=0,1,2,3,4,5,6,7|9,-1,null,choices=0,1,2,3,4,5,6,7|9,-1,null,choices=0,1,2,3,4,5,6,7:1;9,-1,null,choices=0,1,2,3,4,5,6,7,8|9,-1,null,choices=0,1,2,3,4,5,6,7,8|9,-1,null,choices=0,1,2,3,4,5,6,7,8:1;9,-1,null,choices=0,1,2,3,4,5,6,7,8|9,-1,null,choices=0,1,2,3,4,5,6,7,8|9,-1,null,choices=0,1,2,3,4,5,6,7,8:validation=True
palette3:2,1,39:2;39,-1,null,choices=0,1,2,3,4,5,6,7|39,-1,null,choices=0,1,2,3,4,5,6,7|39,-1,null,choices=0,1,2,3,4,5,6,7:1;39,-1,null,choices=0,1,2,3,4,5,6,7,8|39,-1,null,choices=0,1,2,3,4,5,6,7,8|39,-1,null,choices=0,1,2,3,4,5,6,7,8:1;39,-1,null,choices=0,1,2,3,4,5,6,7,8|39,-1,null,choices=0,1,2,3,4,5,6,7,8|39,-1,null,choices=0,1,2,3,4,5,6,7,8:validation=True
palette3:2,1,254:2;254,-1,null,choices=0,1,2,3,4,5,6,7|254,-1,null,choices=0,1,2,3,4,5,6,7|254,-1,null,choices=0,1,2,3,4,5,6,7:1;254,-1,null,choices=0,1,2,3,4,5,6,7,8|254,-1,null,choices=0,1,2,3,4,5,6,7,8|254,-1,null,choices=0,1,2,3,4,5,6,7,8:1;254,-1,null,choices=0,1,2,3,4,5,6,7,8|254,-1,null,choices=0,1,2,3,4,5,6,7,8|254,-1,null,choices=0,1,2,3,4,5,6,7,8:validation=True
palette3:2,1,255:2;255,-1,null,choices=0,1,2,3,4,5,6,7|255,-1,null,choices=0,1,2,3,4,5,6,7|255,-1,null,choices=0,1,2,3,4,5,6,7:1;255,-1,null,choices=0,1,2,3,4,5,6,7,8|255,-1,null,choices=0,1,2,3,4,5,6,7,8|255,-1,null,choices=0,1,2,3,4,5,6,7,8:1;255,-1,null,choices=0,1,2,3,4,5,6,7,8|255,-1,null,choices=0,1,2,3,4,5,6,7,8|255,-1,null,choices=0,1,2,3,4,5,6,7,8:validation=True
palette3:2,2,0:2;0,0,0,choices=0,1,2,3,4,5,6,7|0,0,0,choices=0,1,2,3,4,5,6,7|0,0,0,choices=0,1,2,3,4,5,6,7:2;0,0,0,choices=0,1,2,3,4,5,6,7|0,0,0,choices=0,1,2,3,4,5,6,7|0,0,0,choices=0,1,2,3,4,5,6,7:2;0,0,0,choices=0,1,2,3,4,5,6,7|0,0,0,choices=0,1,2,3,4,5,6,7|0,0,0,choices=0,1,2,3,4,5,6,7:validation=True
palette3:2,2,1:2;1,1,1,choices=0,1,2,3,4,5,6,7|1,1,1,choices=0,1,2,3,4,5,6,7|1,1,1,choices=0,1,2,3,4,5,6,7:2;1,1,1,choices=0,1,2,3,4,5,6,7|1,1,1,choices=0,1,2,3,4,5,6,7|1,1,1,choices=0,1,2,3,4,5,6,7:2;1,1,1,choices=0,1,2,3,4,5,6,7|1,1,1,choices=0,1,2,3,4,5,6,7|1,1,1,choices=0,1,2,3,4,5,6,7:validation=True
palette3:2,2,2:2;2,2,2,choices=0,1,2,3,4,5,6,7|2,2,2,choices=0,1,2,3,4,5,6,7|2,2,2,choices=0,1,2,3,4,5,6,7:2;2,2,2,choices=0,1,2,3,4,5,6,7|2,2,2,choices=0,1,2,3,4,5,6,7|2,2,2,choices=0,1,2,3,4,5,6,7:2;2,2,2,choices=0,1,2,3,4,5,6,7|2,2,2,choices=0,1,2,3,4,5,6,7|2,2,2,choices=0,1,2,3,4,5,6,7:validation=True
palette3:2,2,3:2;3,3,3,choices=0,1,2,3,4,5,6,7|3,3,3,choices=0,1,2,3,4,5,6,7|3,3,3,choices=0,1,2,3,4,5,6,7:2;3,3,3,choices=0,1,2,3,4,5,6,7|3,3,3,choices=0,1,2,3,4,5,6,7|3,3,3,choices=0,1,2,3,4,5,6,7:2;3,3,3,choices=0,1,2,3,4,5,6,7|3,3,3,choices=0,1,2,3,4,5,6,7|3,3,3,choices=0,1,2,3,4,5,6,7:validation=True
palette3:2,2,4:2;4,4,4,choices=0,1,2,3,4,5,6,7|4,4,4,choices=0,1,2,3,4,5,6,7|4,4,4,choices=0,1,2,3,4,5,6,7:2;4,4,4,choices=0,1,2,3,4,5,6,7|4,4,4,choices=0,1,2,3,4,5,6,7|4,4,4,choices=0,1,2,3,4,5,6,7:2;4,4,4,choices=0,1,2,3,4,5,6,7|4,4,4,choices=0,1,2,3,4,5,6,7|4,4,4,choices=0,1,2,3,4,5,6,7:validation=True
palette3:2,2,5:2;5,5,5,choices=0,1,2,3,4,5,6,7|5,5,5,choices=0,1,2,3,4,5,6,7|5,5,5,choices=0,1,2,3,4,5,6,7:2;5,5,5,choices=0,1,2,3,4,5,6,7|5,5,5,choices=0,1,2,3,4,5,6,7|5,5,5,choices=0,1,2,3,4,5,6,7:2;5,5,5,choices=0,1,2,3,4,5,6,7|5,5,5,choices=0,1,2,3,4,5,6,7|5,5,5,choices=0,1,2,3,4,5,6,7:validation=True
palette3:2,2,6:2;6,6,6,choices=0,1,2,3,4,5,6,7|6,6,6,choices=0,1,2,3,4,5,6,7|6,6,6,choices=0,1,2,3,4,5,6,7:2;6,6,6,choices=0,1,2,3,4,5,6,7|6,6,6,choices=0,1,2,3,4,5,6,7|6,6,6,choices=0,1,2,3,4,5,6,7:2;6,6,6,choices=0,1,2,3,4,5,6,7|6,6,6,choices=0,1,2,3,4,5,6,7|6,6,6,choices=0,1,2,3,4,5,6,7:validation=True
palette3:2,2,7:2;7,7,7,choices=0,1,2,3,4,5,6,7|7,7,7,choices=0,1,2,3,4,5,6,7|7,7,7,choices=0,1,2,3,4,5,6,7:2;7,7,7,choices=0,1,2,3,4,5,6,7|7,7,7,choices=0,1,2,3,4,5,6,7|7,7,7,choices=0,1,2,3,4,5,6,7:2;7,7,7,choices=0,1,2,3,4,5,6,7|7,7,7,choices=0,1,2,3,4,5,6,7|7,7,7,choices=0,1,2,3,4,5,6,7:validation=True
palette3:2,2,8:2;8,-1,null,choices=0,1,2,3,4,5,6,7|8,-1,null,choices=0,1,2,3,4,5,6,7|8,-1,null,choices=0,1,2,3,4,5,6,7:2;8,-1,null,choices=0,1,2,3,4,5,6,7|8,-1,null,choices=0,1,2,3,4,5,6,7|8,-1,null,choices=0,1,2,3,4,5,6,7:2;8,-1,null,choices=0,1,2,3,4,5,6,7|8,-1,null,choices=0,1,2,3,4,5,6,7|8,-1,null,choices=0,1,2,3,4,5,6,7:validation=True
palette3:2,2,9:2;9,-1,null,choices=0,1,2,3,4,5,6,7|9,-1,null,choices=0,1,2,3,4,5,6,7|9,-1,null,choices=0,1,2,3,4,5,6,7:2;9,-1,null,choices=0,1,2,3,4,5,6,7|9,-1,null,choices=0,1,2,3,4,5,6,7|9,-1,null,choices=0,1,2,3,4,5,6,7:2;9,-1,null,choices=0,1,2,3,4,5,6,7|9,-1,null,choices=0,1,2,3,4,5,6,7|9,-1,null,choices=0,1,2,3,4,5,6,7:validation=True
palette3:2,2,39:2;39,-1,null,choices=0,1,2,3,4,5,6,7|39,-1,null,choices=0,1,2,3,4,5,6,7|39,-1,null,choices=0,1,2,3,4,5,6,7:2;39,-1,null,choices=0,1,2,3,4,5,6,7|39,-1,null,choices=0,1,2,3,4,5,6,7|39,-1,null,choices=0,1,2,3,4,5,6,7:2;39,-1,null,choices=0,1,2,3,4,5,6,7|39,-1,null,choices=0,1,2,3,4,5,6,7|39,-1,null,choices=0,1,2,3,4,5,6,7:validation=True
palette3:2,2,254:2;254,-1,null,choices=0,1,2,3,4,5,6,7|254,-1,null,choices=0,1,2,3,4,5,6,7|254,-1,null,choices=0,1,2,3,4,5,6,7:2;254,-1,null,choices=0,1,2,3,4,5,6,7|254,-1,null,choices=0,1,2,3,4,5,6,7|254,-1,null,choices=0,1,2,3,4,5,6,7:2;254,-1,null,choices=0,1,2,3,4,5,6,7|254,-1,null,choices=0,1,2,3,4,5,6,7|254,-1,null,choices=0,1,2,3,4,5,6,7:validation=True
palette3:2,2,255:2;255,-1,null,choices=0,1,2,3,4,5,6,7|255,-1,null,choices=0,1,2,3,4,5,6,7|255,-1,null,choices=0,1,2,3,4,5,6,7:2;255,-1,null,choices=0,1,2,3,4,5,6,7|255,-1,null,choices=0,1,2,3,4,5,6,7|255,-1,null,choices=0,1,2,3,4,5,6,7:2;255,-1,null,choices=0,1,2,3,4,5,6,7|255,-1,null,choices=0,1,2,3,4,5,6,7|255,-1,null,choices=0,1,2,3,4,5,6,7:validation=True
palette3:2,3,0:2;0,0,0,choices=0,1,2,3,4,5,6,7|0,0,0,choices=0,1,2,3,4,5,6,7|0,0,0,choices=0,1,2,3,4,5,6,7:3;0,0,0,choices=0,1,2,3,4,5,6,7|0,0,0,choices=0,1,2,3,4,5,6,7|0,0,0,choices=0,1,2,3,4,5,6,7:3;0,0,0,choices=0,1,2,3,4,5,6,7|0,0,0,choices=0,1,2,3,4,5,6,7|0,0,0,choices=0,1,2,3,4,5,6,7:validation=True
palette3:2,3,1:2;1,1,1,choices=0,1,2,3,4,5,6,7|1,1,1,choices=0,1,2,3,4,5,6,7|1,1,1,choices=0,1,2,3,4,5,6,7:3;1,1,1,choices=0,1,2,3,4,5,6,7|1,1,1,choices=0,1,2,3,4,5,6,7|1,1,1,choices=0,1,2,3,4,5,6,7:3;1,1,1,choices=0,1,2,3,4,5,6,7|1,1,1,choices=0,1,2,3,4,5,6,7|1,1,1,choices=0,1,2,3,4,5,6,7:validation=True
palette3:2,3,2:2;2,2,2,choices=0,1,2,3,4,5,6,7|2,2,2,choices=0,1,2,3,4,5,6,7|2,2,2,choices=0,1,2,3,4,5,6,7:3;2,2,2,choices=0,1,2,3,4,5,6,7|2,2,2,choices=0,1,2,3,4,5,6,7|2,2,2,choices=0,1,2,3,4,5,6,7:3;2,2,2,choices=0,1,2,3,4,5,6,7|2,2,2,choices=0,1,2,3,4,5,6,7|2,2,2,choices=0,1,2,3,4,5,6,7:validation=True
palette3:2,3,3:2;3,3,3,choices=0,1,2,3,4,5,6,7|3,3,3,choices=0,1,2,3,4,5,6,7|3,3,3,choices=0,1,2,3,4,5,6,7:3;3,3,3,choices=0,1,2,3,4,5,6,7|3,3,3,choices=0,1,2,3,4,5,6,7|3,3,3,choices=0,1,2,3,4,5,6,7:3;3,3,3,choices=0,1,2,3,4,5,6,7|3,3,3,choices=0,1,2,3,4,5,6,7|3,3,3,choices=0,1,2,3,4,5,6,7:validation=True
palette3:2,3,4:2;4,4,4,choices=0,1,2,3,4,5,6,7|4,4,4,choices=0,1,2,3,4,5,6,7|4,4,4,choices=0,1,2,3,4,5,6,7:3;4,4,4,choices=0,1,2,3,4,5,6,7|4,4,4,choices=0,1,2,3,4,5,6,7|4,4,4,choices=0,1,2,3,4,5,6,7:3;4,4,4,choices=0,1,2,3,4,5,6,7|4,4,4,choices=0,1,2,3,4,5,6,7|4,4,4,choices=0,1,2,3,4,5,6,7:validation=True
palette3:2,3,5:2;5,5,5,choices=0,1,2,3,4,5,6,7|5,5,5,choices=0,1,2,3,4,5,6,7|5,5,5,choices=0,1,2,3,4,5,6,7:3;5,5,5,choices=0,1,2,3,4,5,6,7|5,5,5,choices=0,1,2,3,4,5,6,7|5,5,5,choices=0,1,2,3,4,5,6,7:3;5,5,5,choices=0,1,2,3,4,5,6,7|5,5,5,choices=0,1,2,3,4,5,6,7|5,5,5,choices=0,1,2,3,4,5,6,7:validation=True
palette3:2,3,6:2;6,6,6,choices=0,1,2,3,4,5,6,7|6,6,6,choices=0,1,2,3,4,5,6,7|6,6,6,choices=0,1,2,3,4,5,6,7:3;6,6,6,choices=0,1,2,3,4,5,6,7|6,6,6,choices=0,1,2,3,4,5,6,7|6,6,6,choices=0,1,2,3,4,5,6,7:3;6,6,6,choices=0,1,2,3,4,5,6,7|6,6,6,choices=0,1,2,3,4,5,6,7|6,6,6,choices=0,1,2,3,4,5,6,7:validation=True
palette3:2,3,7:2;7,7,7,choices=0,1,2,3,4,5,6,7|7,7,7,choices=0,1,2,3,4,5,6,7|7,7,7,choices=0,1,2,3,4,5,6,7:3;7,7,7,choices=0,1,2,3,4,5,6,7|7,7,7,choices=0,1,2,3,4,5,6,7|7,7,7,choices=0,1,2,3,4,5,6,7:3;7,7,7,choices=0,1,2,3,4,5,6,7|7,7,7,choices=0,1,2,3,4,5,6,7|7,7,7,choices=0,1,2,3,4,5,6,7:validation=True
palette3:2,3,8:2;8,-1,null,choices=0,1,2,3,4,5,6,7|8,-1,null,choices=0,1,2,3,4,5,6,7|8,-1,null,choices=0,1,2,3,4,5,6,7:3;8,-1,null,choices=0,1,2,3,4,5,6,7|8,-1,null,choices=0,1,2,3,4,5,6,7|8,-1,null,choices=0,1,2,3,4,5,6,7:3;8,-1,null,choices=0,1,2,3,4,5,6,7|8,-1,null,choices=0,1,2,3,4,5,6,7|8,-1,null,choices=0,1,2,3,4,5,6,7:validation=True
palette3:2,3,9:2;9,-1,null,choices=0,1,2,3,4,5,6,7|9,-1,null,choices=0,1,2,3,4,5,6,7|9,-1,null,choices=0,1,2,3,4,5,6,7:3;9,-1,null,choices=0,1,2,3,4,5,6,7|9,-1,null,choices=0,1,2,3,4,5,6,7|9,-1,null,choices=0,1,2,3,4,5,6,7:3;9,-1,null,choices=0,1,2,3,4,5,6,7|9,-1,null,choices=0,1,2,3,4,5,6,7|9,-1,null,choices=0,1,2,3,4,5,6,7:validation=True
palette3:2,3,39:2;39,-1,null,choices=0,1,2,3,4,5,6,7|39,-1,null,choices=0,1,2,3,4,5,6,7|39,-1,null,choices=0,1,2,3,4,5,6,7:3;39,-1,null,choices=0,1,2,3,4,5,6,7|39,-1,null,choices=0,1,2,3,4,5,6,7|39,-1,null,choices=0,1,2,3,4,5,6,7:3;39,-1,null,choices=0,1,2,3,4,5,6,7|39,-1,null,choices=0,1,2,3,4,5,6,7|39,-1,null,choices=0,1,2,3,4,5,6,7:validation=True
palette3:2,3,254:2;254,-1,null,choices=0,1,2,3,4,5,6,7|254,-1,null,choices=0,1,2,3,4,5,6,7|254,-1,null,choices=0,1,2,3,4,5,6,7:3;254,-1,null,choices=0,1,2,3,4,5,6,7|254,-1,null,choices=0,1,2,3,4,5,6,7|254,-1,null,choices=0,1,2,3,4,5,6,7:3;254,-1,null,choices=0,1,2,3,4,5,6,7|254,-1,null,choices=0,1,2,3,4,5,6,7|254,-1,null,choices=0,1,2,3,4,5,6,7:validation=True
palette3:2,3,255:2;255,-1,null,choices=0,1,2,3,4,5,6,7|255,-1,null,choices=0,1,2,3,4,5,6,7|255,-1,null,choices=0,1,2,3,4,5,6,7:3;255,-1,null,choices=0,1,2,3,4,5,6,7|255,-1,null,choices=0,1,2,3,4,5,6,7|255,-1,null,choices=0,1,2,3,4,5,6,7:3;255,-1,null,choices=0,1,2,3,4,5,6,7|255,-1,null,choices=0,1,2,3,4,5,6,7|255,-1,null,choices=0,1,2,3,4,5,6,7:validation=True
palette3:3,0,0:3;0,0,0,choices=0,1,2,3,4,5,6,7|0,0,0,choices=0,1,2,3,4,5,6,7|0,0,0,choices=0,1,2,3,4,5,6,7:0;0,0,0,choices=0,1,2,3,4,5,6,7,8|0,0,0,choices=0,1,2,3,4,5,6,7,8|0,0,0,choices=0,1,2,3,4,5,6,7,8:0;0,0,0,choices=0,1,2,3,4,5,6,7,8|0,0,0,choices=0,1,2,3,4,5,6,7,8|0,0,0,choices=0,1,2,3,4,5,6,7,8:validation=True
palette3:3,0,1:3;1,1,1,choices=0,1,2,3,4,5,6,7|1,1,1,choices=0,1,2,3,4,5,6,7|1,1,1,choices=0,1,2,3,4,5,6,7:0;1,1,1,choices=0,1,2,3,4,5,6,7,8|1,1,1,choices=0,1,2,3,4,5,6,7,8|1,1,1,choices=0,1,2,3,4,5,6,7,8:0;1,1,1,choices=0,1,2,3,4,5,6,7,8|1,1,1,choices=0,1,2,3,4,5,6,7,8|1,1,1,choices=0,1,2,3,4,5,6,7,8:validation=True
palette3:3,0,2:3;2,2,2,choices=0,1,2,3,4,5,6,7|2,2,2,choices=0,1,2,3,4,5,6,7|2,2,2,choices=0,1,2,3,4,5,6,7:0;2,2,2,choices=0,1,2,3,4,5,6,7,8|2,2,2,choices=0,1,2,3,4,5,6,7,8|2,2,2,choices=0,1,2,3,4,5,6,7,8:0;2,2,2,choices=0,1,2,3,4,5,6,7,8|2,2,2,choices=0,1,2,3,4,5,6,7,8|2,2,2,choices=0,1,2,3,4,5,6,7,8:validation=True
palette3:3,0,3:3;3,3,3,choices=0,1,2,3,4,5,6,7|3,3,3,choices=0,1,2,3,4,5,6,7|3,3,3,choices=0,1,2,3,4,5,6,7:0;3,3,3,choices=0,1,2,3,4,5,6,7,8|3,3,3,choices=0,1,2,3,4,5,6,7,8|3,3,3,choices=0,1,2,3,4,5,6,7,8:0;3,3,3,choices=0,1,2,3,4,5,6,7,8|3,3,3,choices=0,1,2,3,4,5,6,7,8|3,3,3,choices=0,1,2,3,4,5,6,7,8:validation=True
palette3:3,0,4:3;4,4,4,choices=0,1,2,3,4,5,6,7|4,4,4,choices=0,1,2,3,4,5,6,7|4,4,4,choices=0,1,2,3,4,5,6,7:0;4,4,4,choices=0,1,2,3,4,5,6,7,8|4,4,4,choices=0,1,2,3,4,5,6,7,8|4,4,4,choices=0,1,2,3,4,5,6,7,8:0;4,4,4,choices=0,1,2,3,4,5,6,7,8|4,4,4,choices=0,1,2,3,4,5,6,7,8|4,4,4,choices=0,1,2,3,4,5,6,7,8:validation=True
palette3:3,0,5:3;5,5,5,choices=0,1,2,3,4,5,6,7|5,5,5,choices=0,1,2,3,4,5,6,7|5,5,5,choices=0,1,2,3,4,5,6,7:0;5,5,5,choices=0,1,2,3,4,5,6,7,8|5,5,5,choices=0,1,2,3,4,5,6,7,8|5,5,5,choices=0,1,2,3,4,5,6,7,8:0;5,5,5,choices=0,1,2,3,4,5,6,7,8|5,5,5,choices=0,1,2,3,4,5,6,7,8|5,5,5,choices=0,1,2,3,4,5,6,7,8:validation=True
palette3:3,0,6:3;6,6,6,choices=0,1,2,3,4,5,6,7|6,6,6,choices=0,1,2,3,4,5,6,7|6,6,6,choices=0,1,2,3,4,5,6,7:0;6,6,6,choices=0,1,2,3,4,5,6,7,8|6,6,6,choices=0,1,2,3,4,5,6,7,8|6,6,6,choices=0,1,2,3,4,5,6,7,8:0;6,6,6,choices=0,1,2,3,4,5,6,7,8|6,6,6,choices=0,1,2,3,4,5,6,7,8|6,6,6,choices=0,1,2,3,4,5,6,7,8:validation=True
palette3:3,0,7:3;7,7,7,choices=0,1,2,3,4,5,6,7|7,7,7,choices=0,1,2,3,4,5,6,7|7,7,7,choices=0,1,2,3,4,5,6,7:0;7,7,7,choices=0,1,2,3,4,5,6,7,8|7,7,7,choices=0,1,2,3,4,5,6,7,8|7,7,7,choices=0,1,2,3,4,5,6,7,8:0;7,7,7,choices=0,1,2,3,4,5,6,7,8|7,7,7,choices=0,1,2,3,4,5,6,7,8|7,7,7,choices=0,1,2,3,4,5,6,7,8:validation=True
palette3:3,0,8:3;8,-1,null,choices=0,1,2,3,4,5,6,7|8,-1,null,choices=0,1,2,3,4,5,6,7|8,-1,null,choices=0,1,2,3,4,5,6,7:0;8,8,8,choices=0,1,2,3,4,5,6,7,8|8,8,8,choices=0,1,2,3,4,5,6,7,8|8,8,8,choices=0,1,2,3,4,5,6,7,8:0;8,8,8,choices=0,1,2,3,4,5,6,7,8|8,8,8,choices=0,1,2,3,4,5,6,7,8|8,8,8,choices=0,1,2,3,4,5,6,7,8:validation=True
palette3:3,0,9:3;9,-1,null,choices=0,1,2,3,4,5,6,7|9,-1,null,choices=0,1,2,3,4,5,6,7|9,-1,null,choices=0,1,2,3,4,5,6,7:0;9,-1,null,choices=0,1,2,3,4,5,6,7,8|9,-1,null,choices=0,1,2,3,4,5,6,7,8|9,-1,null,choices=0,1,2,3,4,5,6,7,8:0;9,-1,null,choices=0,1,2,3,4,5,6,7,8|9,-1,null,choices=0,1,2,3,4,5,6,7,8|9,-1,null,choices=0,1,2,3,4,5,6,7,8:validation=True
palette3:3,0,39:3;39,-1,null,choices=0,1,2,3,4,5,6,7|39,-1,null,choices=0,1,2,3,4,5,6,7|39,-1,null,choices=0,1,2,3,4,5,6,7:0;39,-1,null,choices=0,1,2,3,4,5,6,7,8|39,-1,null,choices=0,1,2,3,4,5,6,7,8|39,-1,null,choices=0,1,2,3,4,5,6,7,8:0;39,-1,null,choices=0,1,2,3,4,5,6,7,8|39,-1,null,choices=0,1,2,3,4,5,6,7,8|39,-1,null,choices=0,1,2,3,4,5,6,7,8:validation=True
palette3:3,0,254:3;254,-1,null,choices=0,1,2,3,4,5,6,7|254,-1,null,choices=0,1,2,3,4,5,6,7|254,-1,null,choices=0,1,2,3,4,5,6,7:0;254,-1,null,choices=0,1,2,3,4,5,6,7,8|254,-1,null,choices=0,1,2,3,4,5,6,7,8|254,-1,null,choices=0,1,2,3,4,5,6,7,8:0;254,-1,null,choices=0,1,2,3,4,5,6,7,8|254,-1,null,choices=0,1,2,3,4,5,6,7,8|254,-1,null,choices=0,1,2,3,4,5,6,7,8:validation=True
palette3:3,0,255:3;255,-1,null,choices=0,1,2,3,4,5,6,7|255,-1,null,choices=0,1,2,3,4,5,6,7|255,-1,null,choices=0,1,2,3,4,5,6,7:0;255,-1,null,choices=0,1,2,3,4,5,6,7,8|255,-1,null,choices=0,1,2,3,4,5,6,7,8|255,-1,null,choices=0,1,2,3,4,5,6,7,8:0;255,-1,null,choices=0,1,2,3,4,5,6,7,8|255,-1,null,choices=0,1,2,3,4,5,6,7,8|255,-1,null,choices=0,1,2,3,4,5,6,7,8:validation=True
palette3:3,1,0:3;0,0,0,choices=0,1,2,3,4,5,6,7|0,0,0,choices=0,1,2,3,4,5,6,7|0,0,0,choices=0,1,2,3,4,5,6,7:1;0,0,0,choices=0,1,2,3,4,5,6,7,8|0,0,0,choices=0,1,2,3,4,5,6,7,8|0,0,0,choices=0,1,2,3,4,5,6,7,8:1;0,0,0,choices=0,1,2,3,4,5,6,7,8|0,0,0,choices=0,1,2,3,4,5,6,7,8|0,0,0,choices=0,1,2,3,4,5,6,7,8:validation=True
palette3:3,1,1:3;1,1,1,choices=0,1,2,3,4,5,6,7|1,1,1,choices=0,1,2,3,4,5,6,7|1,1,1,choices=0,1,2,3,4,5,6,7:1;1,1,1,choices=0,1,2,3,4,5,6,7,8|1,1,1,choices=0,1,2,3,4,5,6,7,8|1,1,1,choices=0,1,2,3,4,5,6,7,8:1;1,1,1,choices=0,1,2,3,4,5,6,7,8|1,1,1,choices=0,1,2,3,4,5,6,7,8|1,1,1,choices=0,1,2,3,4,5,6,7,8:validation=True
palette3:3,1,2:3;2,2,2,choices=0,1,2,3,4,5,6,7|2,2,2,choices=0,1,2,3,4,5,6,7|2,2,2,choices=0,1,2,3,4,5,6,7:1;2,2,2,choices=0,1,2,3,4,5,6,7,8|2,2,2,choices=0,1,2,3,4,5,6,7,8|2,2,2,choices=0,1,2,3,4,5,6,7,8:1;2,2,2,choices=0,1,2,3,4,5,6,7,8|2,2,2,choices=0,1,2,3,4,5,6,7,8|2,2,2,choices=0,1,2,3,4,5,6,7,8:validation=True
palette3:3,1,3:3;3,3,3,choices=0,1,2,3,4,5,6,7|3,3,3,choices=0,1,2,3,4,5,6,7|3,3,3,choices=0,1,2,3,4,5,6,7:1;3,3,3,choices=0,1,2,3,4,5,6,7,8|3,3,3,choices=0,1,2,3,4,5,6,7,8|3,3,3,choices=0,1,2,3,4,5,6,7,8:1;3,3,3,choices=0,1,2,3,4,5,6,7,8|3,3,3,choices=0,1,2,3,4,5,6,7,8|3,3,3,choices=0,1,2,3,4,5,6,7,8:validation=True
palette3:3,1,4:3;4,4,4,choices=0,1,2,3,4,5,6,7|4,4,4,choices=0,1,2,3,4,5,6,7|4,4,4,choices=0,1,2,3,4,5,6,7:1;4,4,4,choices=0,1,2,3,4,5,6,7,8|4,4,4,choices=0,1,2,3,4,5,6,7,8|4,4,4,choices=0,1,2,3,4,5,6,7,8:1;4,4,4,choices=0,1,2,3,4,5,6,7,8|4,4,4,choices=0,1,2,3,4,5,6,7,8|4,4,4,choices=0,1,2,3,4,5,6,7,8:validation=True
palette3:3,1,5:3;5,5,5,choices=0,1,2,3,4,5,6,7|5,5,5,choices=0,1,2,3,4,5,6,7|5,5,5,choices=0,1,2,3,4,5,6,7:1;5,5,5,choices=0,1,2,3,4,5,6,7,8|5,5,5,choices=0,1,2,3,4,5,6,7,8|5,5,5,choices=0,1,2,3,4,5,6,7,8:1;5,5,5,choices=0,1,2,3,4,5,6,7,8|5,5,5,choices=0,1,2,3,4,5,6,7,8|5,5,5,choices=0,1,2,3,4,5,6,7,8:validation=True
palette3:3,1,6:3;6,6,6,choices=0,1,2,3,4,5,6,7|6,6,6,choices=0,1,2,3,4,5,6,7|6,6,6,choices=0,1,2,3,4,5,6,7:1;6,6,6,choices=0,1,2,3,4,5,6,7,8|6,6,6,choices=0,1,2,3,4,5,6,7,8|6,6,6,choices=0,1,2,3,4,5,6,7,8:1;6,6,6,choices=0,1,2,3,4,5,6,7,8|6,6,6,choices=0,1,2,3,4,5,6,7,8|6,6,6,choices=0,1,2,3,4,5,6,7,8:validation=True
palette3:3,1,7:3;7,7,7,choices=0,1,2,3,4,5,6,7|7,7,7,choices=0,1,2,3,4,5,6,7|7,7,7,choices=0,1,2,3,4,5,6,7:1;7,7,7,choices=0,1,2,3,4,5,6,7,8|7,7,7,choices=0,1,2,3,4,5,6,7,8|7,7,7,choices=0,1,2,3,4,5,6,7,8:1;7,7,7,choices=0,1,2,3,4,5,6,7,8|7,7,7,choices=0,1,2,3,4,5,6,7,8|7,7,7,choices=0,1,2,3,4,5,6,7,8:validation=True
palette3:3,1,8:3;8,-1,null,choices=0,1,2,3,4,5,6,7|8,-1,null,choices=0,1,2,3,4,5,6,7|8,-1,null,choices=0,1,2,3,4,5,6,7:1;8,8,8,choices=0,1,2,3,4,5,6,7,8|8,8,8,choices=0,1,2,3,4,5,6,7,8|8,8,8,choices=0,1,2,3,4,5,6,7,8:1;8,8,8,choices=0,1,2,3,4,5,6,7,8|8,8,8,choices=0,1,2,3,4,5,6,7,8|8,8,8,choices=0,1,2,3,4,5,6,7,8:validation=True
palette3:3,1,9:3;9,-1,null,choices=0,1,2,3,4,5,6,7|9,-1,null,choices=0,1,2,3,4,5,6,7|9,-1,null,choices=0,1,2,3,4,5,6,7:1;9,-1,null,choices=0,1,2,3,4,5,6,7,8|9,-1,null,choices=0,1,2,3,4,5,6,7,8|9,-1,null,choices=0,1,2,3,4,5,6,7,8:1;9,-1,null,choices=0,1,2,3,4,5,6,7,8|9,-1,null,choices=0,1,2,3,4,5,6,7,8|9,-1,null,choices=0,1,2,3,4,5,6,7,8:validation=True
palette3:3,1,39:3;39,-1,null,choices=0,1,2,3,4,5,6,7|39,-1,null,choices=0,1,2,3,4,5,6,7|39,-1,null,choices=0,1,2,3,4,5,6,7:1;39,-1,null,choices=0,1,2,3,4,5,6,7,8|39,-1,null,choices=0,1,2,3,4,5,6,7,8|39,-1,null,choices=0,1,2,3,4,5,6,7,8:1;39,-1,null,choices=0,1,2,3,4,5,6,7,8|39,-1,null,choices=0,1,2,3,4,5,6,7,8|39,-1,null,choices=0,1,2,3,4,5,6,7,8:validation=True
palette3:3,1,254:3;254,-1,null,choices=0,1,2,3,4,5,6,7|254,-1,null,choices=0,1,2,3,4,5,6,7|254,-1,null,choices=0,1,2,3,4,5,6,7:1;254,-1,null,choices=0,1,2,3,4,5,6,7,8|254,-1,null,choices=0,1,2,3,4,5,6,7,8|254,-1,null,choices=0,1,2,3,4,5,6,7,8:1;254,-1,null,choices=0,1,2,3,4,5,6,7,8|254,-1,null,choices=0,1,2,3,4,5,6,7,8|254,-1,null,choices=0,1,2,3,4,5,6,7,8:validation=True
palette3:3,1,255:3;255,-1,null,choices=0,1,2,3,4,5,6,7|255,-1,null,choices=0,1,2,3,4,5,6,7|255,-1,null,choices=0,1,2,3,4,5,6,7:1;255,-1,null,choices=0,1,2,3,4,5,6,7,8|255,-1,null,choices=0,1,2,3,4,5,6,7,8|255,-1,null,choices=0,1,2,3,4,5,6,7,8:1;255,-1,null,choices=0,1,2,3,4,5,6,7,8|255,-1,null,choices=0,1,2,3,4,5,6,7,8|255,-1,null,choices=0,1,2,3,4,5,6,7,8:validation=True
palette3:3,2,0:3;0,0,0,choices=0,1,2,3,4,5,6,7|0,0,0,choices=0,1,2,3,4,5,6,7|0,0,0,choices=0,1,2,3,4,5,6,7:2;0,0,0,choices=0,1,2,3,4,5,6,7|0,0,0,choices=0,1,2,3,4,5,6,7|0,0,0,choices=0,1,2,3,4,5,6,7:2;0,0,0,choices=0,1,2,3,4,5,6,7|0,0,0,choices=0,1,2,3,4,5,6,7|0,0,0,choices=0,1,2,3,4,5,6,7:validation=True
palette3:3,2,1:3;1,1,1,choices=0,1,2,3,4,5,6,7|1,1,1,choices=0,1,2,3,4,5,6,7|1,1,1,choices=0,1,2,3,4,5,6,7:2;1,1,1,choices=0,1,2,3,4,5,6,7|1,1,1,choices=0,1,2,3,4,5,6,7|1,1,1,choices=0,1,2,3,4,5,6,7:2;1,1,1,choices=0,1,2,3,4,5,6,7|1,1,1,choices=0,1,2,3,4,5,6,7|1,1,1,choices=0,1,2,3,4,5,6,7:validation=True
palette3:3,2,2:3;2,2,2,choices=0,1,2,3,4,5,6,7|2,2,2,choices=0,1,2,3,4,5,6,7|2,2,2,choices=0,1,2,3,4,5,6,7:2;2,2,2,choices=0,1,2,3,4,5,6,7|2,2,2,choices=0,1,2,3,4,5,6,7|2,2,2,choices=0,1,2,3,4,5,6,7:2;2,2,2,choices=0,1,2,3,4,5,6,7|2,2,2,choices=0,1,2,3,4,5,6,7|2,2,2,choices=0,1,2,3,4,5,6,7:validation=True
palette3:3,2,3:3;3,3,3,choices=0,1,2,3,4,5,6,7|3,3,3,choices=0,1,2,3,4,5,6,7|3,3,3,choices=0,1,2,3,4,5,6,7:2;3,3,3,choices=0,1,2,3,4,5,6,7|3,3,3,choices=0,1,2,3,4,5,6,7|3,3,3,choices=0,1,2,3,4,5,6,7:2;3,3,3,choices=0,1,2,3,4,5,6,7|3,3,3,choices=0,1,2,3,4,5,6,7|3,3,3,choices=0,1,2,3,4,5,6,7:validation=True
palette3:3,2,4:3;4,4,4,choices=0,1,2,3,4,5,6,7|4,4,4,choices=0,1,2,3,4,5,6,7|4,4,4,choices=0,1,2,3,4,5,6,7:2;4,4,4,choices=0,1,2,3,4,5,6,7|4,4,4,choices=0,1,2,3,4,5,6,7|4,4,4,choices=0,1,2,3,4,5,6,7:2;4,4,4,choices=0,1,2,3,4,5,6,7|4,4,4,choices=0,1,2,3,4,5,6,7|4,4,4,choices=0,1,2,3,4,5,6,7:validation=True
palette3:3,2,5:3;5,5,5,choices=0,1,2,3,4,5,6,7|5,5,5,choices=0,1,2,3,4,5,6,7|5,5,5,choices=0,1,2,3,4,5,6,7:2;5,5,5,choices=0,1,2,3,4,5,6,7|5,5,5,choices=0,1,2,3,4,5,6,7|5,5,5,choices=0,1,2,3,4,5,6,7:2;5,5,5,choices=0,1,2,3,4,5,6,7|5,5,5,choices=0,1,2,3,4,5,6,7|5,5,5,choices=0,1,2,3,4,5,6,7:validation=True
palette3:3,2,6:3;6,6,6,choices=0,1,2,3,4,5,6,7|6,6,6,choices=0,1,2,3,4,5,6,7|6,6,6,choices=0,1,2,3,4,5,6,7:2;6,6,6,choices=0,1,2,3,4,5,6,7|6,6,6,choices=0,1,2,3,4,5,6,7|6,6,6,choices=0,1,2,3,4,5,6,7:2;6,6,6,choices=0,1,2,3,4,5,6,7|6,6,6,choices=0,1,2,3,4,5,6,7|6,6,6,choices=0,1,2,3,4,5,6,7:validation=True
palette3:3,2,7:3;7,7,7,choices=0,1,2,3,4,5,6,7|7,7,7,choices=0,1,2,3,4,5,6,7|7,7,7,choices=0,1,2,3,4,5,6,7:2;7,7,7,choices=0,1,2,3,4,5,6,7|7,7,7,choices=0,1,2,3,4,5,6,7|7,7,7,choices=0,1,2,3,4,5,6,7:2;7,7,7,choices=0,1,2,3,4,5,6,7|7,7,7,choices=0,1,2,3,4,5,6,7|7,7,7,choices=0,1,2,3,4,5,6,7:validation=True
palette3:3,2,8:3;8,-1,null,choices=0,1,2,3,4,5,6,7|8,-1,null,choices=0,1,2,3,4,5,6,7|8,-1,null,choices=0,1,2,3,4,5,6,7:2;8,-1,null,choices=0,1,2,3,4,5,6,7|8,-1,null,choices=0,1,2,3,4,5,6,7|8,-1,null,choices=0,1,2,3,4,5,6,7:2;8,-1,null,choices=0,1,2,3,4,5,6,7|8,-1,null,choices=0,1,2,3,4,5,6,7|8,-1,null,choices=0,1,2,3,4,5,6,7:validation=True
palette3:3,2,9:3;9,-1,null,choices=0,1,2,3,4,5,6,7|9,-1,null,choices=0,1,2,3,4,5,6,7|9,-1,null,choices=0,1,2,3,4,5,6,7:2;9,-1,null,choices=0,1,2,3,4,5,6,7|9,-1,null,choices=0,1,2,3,4,5,6,7|9,-1,null,choices=0,1,2,3,4,5,6,7:2;9,-1,null,choices=0,1,2,3,4,5,6,7|9,-1,null,choices=0,1,2,3,4,5,6,7|9,-1,null,choices=0,1,2,3,4,5,6,7:validation=True
palette3:3,2,39:3;39,-1,null,choices=0,1,2,3,4,5,6,7|39,-1,null,choices=0,1,2,3,4,5,6,7|39,-1,null,choices=0,1,2,3,4,5,6,7:2;39,-1,null,choices=0,1,2,3,4,5,6,7|39,-1,null,choices=0,1,2,3,4,5,6,7|39,-1,null,choices=0,1,2,3,4,5,6,7:2;39,-1,null,choices=0,1,2,3,4,5,6,7|39,-1,null,choices=0,1,2,3,4,5,6,7|39,-1,null,choices=0,1,2,3,4,5,6,7:validation=True
palette3:3,2,254:3;254,-1,null,choices=0,1,2,3,4,5,6,7|254,-1,null,choices=0,1,2,3,4,5,6,7|254,-1,null,choices=0,1,2,3,4,5,6,7:2;254,-1,null,choices=0,1,2,3,4,5,6,7|254,-1,null,choices=0,1,2,3,4,5,6,7|254,-1,null,choices=0,1,2,3,4,5,6,7:2;254,-1,null,choices=0,1,2,3,4,5,6,7|254,-1,null,choices=0,1,2,3,4,5,6,7|254,-1,null,choices=0,1,2,3,4,5,6,7:validation=True
palette3:3,2,255:3;255,-1,null,choices=0,1,2,3,4,5,6,7|255,-1,null,choices=0,1,2,3,4,5,6,7|255,-1,null,choices=0,1,2,3,4,5,6,7:2;255,-1,null,choices=0,1,2,3,4,5,6,7|255,-1,null,choices=0,1,2,3,4,5,6,7|255,-1,null,choices=0,1,2,3,4,5,6,7:2;255,-1,null,choices=0,1,2,3,4,5,6,7|255,-1,null,choices=0,1,2,3,4,5,6,7|255,-1,null,choices=0,1,2,3,4,5,6,7:validation=True
palette3:3,3,0:3;0,0,0,choices=0,1,2,3,4,5,6,7|0,0,0,choices=0,1,2,3,4,5,6,7|0,0,0,choices=0,1,2,3,4,5,6,7:3;0,0,0,choices=0,1,2,3,4,5,6,7|0,0,0,choices=0,1,2,3,4,5,6,7|0,0,0,choices=0,1,2,3,4,5,6,7:3;0,0,0,choices=0,1,2,3,4,5,6,7|0,0,0,choices=0,1,2,3,4,5,6,7|0,0,0,choices=0,1,2,3,4,5,6,7:validation=True
palette3:3,3,1:3;1,1,1,choices=0,1,2,3,4,5,6,7|1,1,1,choices=0,1,2,3,4,5,6,7|1,1,1,choices=0,1,2,3,4,5,6,7:3;1,1,1,choices=0,1,2,3,4,5,6,7|1,1,1,choices=0,1,2,3,4,5,6,7|1,1,1,choices=0,1,2,3,4,5,6,7:3;1,1,1,choices=0,1,2,3,4,5,6,7|1,1,1,choices=0,1,2,3,4,5,6,7|1,1,1,choices=0,1,2,3,4,5,6,7:validation=True
palette3:3,3,2:3;2,2,2,choices=0,1,2,3,4,5,6,7|2,2,2,choices=0,1,2,3,4,5,6,7|2,2,2,choices=0,1,2,3,4,5,6,7:3;2,2,2,choices=0,1,2,3,4,5,6,7|2,2,2,choices=0,1,2,3,4,5,6,7|2,2,2,choices=0,1,2,3,4,5,6,7:3;2,2,2,choices=0,1,2,3,4,5,6,7|2,2,2,choices=0,1,2,3,4,5,6,7|2,2,2,choices=0,1,2,3,4,5,6,7:validation=True
palette3:3,3,3:3;3,3,3,choices=0,1,2,3,4,5,6,7|3,3,3,choices=0,1,2,3,4,5,6,7|3,3,3,choices=0,1,2,3,4,5,6,7:3;3,3,3,choices=0,1,2,3,4,5,6,7|3,3,3,choices=0,1,2,3,4,5,6,7|3,3,3,choices=0,1,2,3,4,5,6,7:3;3,3,3,choices=0,1,2,3,4,5,6,7|3,3,3,choices=0,1,2,3,4,5,6,7|3,3,3,choices=0,1,2,3,4,5,6,7:validation=True
palette3:3,3,4:3;4,4,4,choices=0,1,2,3,4,5,6,7|4,4,4,choices=0,1,2,3,4,5,6,7|4,4,4,choices=0,1,2,3,4,5,6,7:3;4,4,4,choices=0,1,2,3,4,5,6,7|4,4,4,choices=0,1,2,3,4,5,6,7|4,4,4,choices=0,1,2,3,4,5,6,7:3;4,4,4,choices=0,1,2,3,4,5,6,7|4,4,4,choices=0,1,2,3,4,5,6,7|4,4,4,choices=0,1,2,3,4,5,6,7:validation=True
palette3:3,3,5:3;5,5,5,choices=0,1,2,3,4,5,6,7|5,5,5,choices=0,1,2,3,4,5,6,7|5,5,5,choices=0,1,2,3,4,5,6,7:3;5,5,5,choices=0,1,2,3,4,5,6,7|5,5,5,choices=0,1,2,3,4,5,6,7|5,5,5,choices=0,1,2,3,4,5,6,7:3;5,5,5,choices=0,1,2,3,4,5,6,7|5,5,5,choices=0,1,2,3,4,5,6,7|5,5,5,choices=0,1,2,3,4,5,6,7:validation=True
palette3:3,3,6:3;6,6,6,choices=0,1,2,3,4,5,6,7|6,6,6,choices=0,1,2,3,4,5,6,7|6,6,6,choices=0,1,2,3,4,5,6,7:3;6,6,6,choices=0,1,2,3,4,5,6,7|6,6,6,choices=0,1,2,3,4,5,6,7|6,6,6,choices=0,1,2,3,4,5,6,7:3;6,6,6,choices=0,1,2,3,4,5,6,7|6,6,6,choices=0,1,2,3,4,5,6,7|6,6,6,choices=0,1,2,3,4,5,6,7:validation=True
palette3:3,3,7:3;7,7,7,choices=0,1,2,3,4,5,6,7|7,7,7,choices=0,1,2,3,4,5,6,7|7,7,7,choices=0,1,2,3,4,5,6,7:3;7,7,7,choices=0,1,2,3,4,5,6,7|7,7,7,choices=0,1,2,3,4,5,6,7|7,7,7,choices=0,1,2,3,4,5,6,7:3;7,7,7,choices=0,1,2,3,4,5,6,7|7,7,7,choices=0,1,2,3,4,5,6,7|7,7,7,choices=0,1,2,3,4,5,6,7:validation=True
palette3:3,3,8:3;8,-1,null,choices=0,1,2,3,4,5,6,7|8,-1,null,choices=0,1,2,3,4,5,6,7|8,-1,null,choices=0,1,2,3,4,5,6,7:3;8,-1,null,choices=0,1,2,3,4,5,6,7|8,-1,null,choices=0,1,2,3,4,5,6,7|8,-1,null,choices=0,1,2,3,4,5,6,7:3;8,-1,null,choices=0,1,2,3,4,5,6,7|8,-1,null,choices=0,1,2,3,4,5,6,7|8,-1,null,choices=0,1,2,3,4,5,6,7:validation=True
palette3:3,3,9:3;9,-1,null,choices=0,1,2,3,4,5,6,7|9,-1,null,choices=0,1,2,3,4,5,6,7|9,-1,null,choices=0,1,2,3,4,5,6,7:3;9,-1,null,choices=0,1,2,3,4,5,6,7|9,-1,null,choices=0,1,2,3,4,5,6,7|9,-1,null,choices=0,1,2,3,4,5,6,7:3;9,-1,null,choices=0,1,2,3,4,5,6,7|9,-1,null,choices=0,1,2,3,4,5,6,7|9,-1,null,choices=0,1,2,3,4,5,6,7:validation=True
palette3:3,3,39:3;39,-1,null,choices=0,1,2,3,4,5,6,7|39,-1,null,choices=0,1,2,3,4,5,6,7|39,-1,null,choices=0,1,2,3,4,5,6,7:3;39,-1,null,choices=0,1,2,3,4,5,6,7|39,-1,null,choices=0,1,2,3,4,5,6,7|39,-1,null,choices=0,1,2,3,4,5,6,7:3;39,-1,null,choices=0,1,2,3,4,5,6,7|39,-1,null,choices=0,1,2,3,4,5,6,7|39,-1,null,choices=0,1,2,3,4,5,6,7:validation=True
palette3:3,3,254:3;254,-1,null,choices=0,1,2,3,4,5,6,7|254,-1,null,choices=0,1,2,3,4,5,6,7|254,-1,null,choices=0,1,2,3,4,5,6,7:3;254,-1,null,choices=0,1,2,3,4,5,6,7|254,-1,null,choices=0,1,2,3,4,5,6,7|254,-1,null,choices=0,1,2,3,4,5,6,7:3;254,-1,null,choices=0,1,2,3,4,5,6,7|254,-1,null,choices=0,1,2,3,4,5,6,7|254,-1,null,choices=0,1,2,3,4,5,6,7:validation=True
palette3:3,3,255:3;255,-1,null,choices=0,1,2,3,4,5,6,7|255,-1,null,choices=0,1,2,3,4,5,6,7|255,-1,null,choices=0,1,2,3,4,5,6,7:3;255,-1,null,choices=0,1,2,3,4,5,6,7|255,-1,null,choices=0,1,2,3,4,5,6,7|255,-1,null,choices=0,1,2,3,4,5,6,7:3;255,-1,null,choices=0,1,2,3,4,5,6,7|255,-1,null,choices=0,1,2,3,4,5,6,7|255,-1,null,choices=0,1,2,3,4,5,6,7:validation=True

capture:job-quick-palette-d23ce5a0-2
runtime:Microsoft Windows NT 6.2.9200.0:4.0.30319.42000:pointer-size=4
palette3:4,0,0:4;0,0,0,choices=0,1,2,3,4,5,6,7|0,0,0,choices=0,1,2,3,4,5,6,7|0,0,0,choices=0,1,2,3,4,5,6,7:0;0,0,0,choices=0,1,2,3,4,5,6,7,8|0,0,0,choices=0,1,2,3,4,5,6,7,8|0,0,0,choices=0,1,2,3,4,5,6,7,8:0;0,0,0,choices=0,1,2,3,4,5,6,7,8|0,0,0,choices=0,1,2,3,4,5,6,7,8|0,0,0,choices=0,1,2,3,4,5,6,7,8:validation=True
palette3:4,0,1:4;1,1,1,choices=0,1,2,3,4,5,6,7|1,1,1,choices=0,1,2,3,4,5,6,7|1,1,1,choices=0,1,2,3,4,5,6,7:0;1,1,1,choices=0,1,2,3,4,5,6,7,8|1,1,1,choices=0,1,2,3,4,5,6,7,8|1,1,1,choices=0,1,2,3,4,5,6,7,8:0;1,1,1,choices=0,1,2,3,4,5,6,7,8|1,1,1,choices=0,1,2,3,4,5,6,7,8|1,1,1,choices=0,1,2,3,4,5,6,7,8:validation=True
palette3:4,0,2:4;2,2,2,choices=0,1,2,3,4,5,6,7|2,2,2,choices=0,1,2,3,4,5,6,7|2,2,2,choices=0,1,2,3,4,5,6,7:0;2,2,2,choices=0,1,2,3,4,5,6,7,8|2,2,2,choices=0,1,2,3,4,5,6,7,8|2,2,2,choices=0,1,2,3,4,5,6,7,8:0;2,2,2,choices=0,1,2,3,4,5,6,7,8|2,2,2,choices=0,1,2,3,4,5,6,7,8|2,2,2,choices=0,1,2,3,4,5,6,7,8:validation=True
palette3:4,0,3:4;3,3,3,choices=0,1,2,3,4,5,6,7|3,3,3,choices=0,1,2,3,4,5,6,7|3,3,3,choices=0,1,2,3,4,5,6,7:0;3,3,3,choices=0,1,2,3,4,5,6,7,8|3,3,3,choices=0,1,2,3,4,5,6,7,8|3,3,3,choices=0,1,2,3,4,5,6,7,8:0;3,3,3,choices=0,1,2,3,4,5,6,7,8|3,3,3,choices=0,1,2,3,4,5,6,7,8|3,3,3,choices=0,1,2,3,4,5,6,7,8:validation=True
palette3:4,0,4:4;4,4,4,choices=0,1,2,3,4,5,6,7|4,4,4,choices=0,1,2,3,4,5,6,7|4,4,4,choices=0,1,2,3,4,5,6,7:0;4,4,4,choices=0,1,2,3,4,5,6,7,8|4,4,4,choices=0,1,2,3,4,5,6,7,8|4,4,4,choices=0,1,2,3,4,5,6,7,8:0;4,4,4,choices=0,1,2,3,4,5,6,7,8|4,4,4,choices=0,1,2,3,4,5,6,7,8|4,4,4,choices=0,1,2,3,4,5,6,7,8:validation=True
palette3:4,0,5:4;5,5,5,choices=0,1,2,3,4,5,6,7|5,5,5,choices=0,1,2,3,4,5,6,7|5,5,5,choices=0,1,2,3,4,5,6,7:0;5,5,5,choices=0,1,2,3,4,5,6,7,8|5,5,5,choices=0,1,2,3,4,5,6,7,8|5,5,5,choices=0,1,2,3,4,5,6,7,8:0;5,5,5,choices=0,1,2,3,4,5,6,7,8|5,5,5,choices=0,1,2,3,4,5,6,7,8|5,5,5,choices=0,1,2,3,4,5,6,7,8:validation=True
palette3:4,0,6:4;6,6,6,choices=0,1,2,3,4,5,6,7|6,6,6,choices=0,1,2,3,4,5,6,7|6,6,6,choices=0,1,2,3,4,5,6,7:0;6,6,6,choices=0,1,2,3,4,5,6,7,8|6,6,6,choices=0,1,2,3,4,5,6,7,8|6,6,6,choices=0,1,2,3,4,5,6,7,8:0;6,6,6,choices=0,1,2,3,4,5,6,7,8|6,6,6,choices=0,1,2,3,4,5,6,7,8|6,6,6,choices=0,1,2,3,4,5,6,7,8:validation=True
palette3:4,0,7:4;7,7,7,choices=0,1,2,3,4,5,6,7|7,7,7,choices=0,1,2,3,4,5,6,7|7,7,7,choices=0,1,2,3,4,5,6,7:0;7,7,7,choices=0,1,2,3,4,5,6,7,8|7,7,7,choices=0,1,2,3,4,5,6,7,8|7,7,7,choices=0,1,2,3,4,5,6,7,8:0;7,7,7,choices=0,1,2,3,4,5,6,7,8|7,7,7,choices=0,1,2,3,4,5,6,7,8|7,7,7,choices=0,1,2,3,4,5,6,7,8:validation=True
palette3:4,0,8:4;8,-1,null,choices=0,1,2,3,4,5,6,7|8,-1,null,choices=0,1,2,3,4,5,6,7|8,-1,null,choices=0,1,2,3,4,5,6,7:0;8,8,8,choices=0,1,2,3,4,5,6,7,8|8,8,8,choices=0,1,2,3,4,5,6,7,8|8,8,8,choices=0,1,2,3,4,5,6,7,8:0;8,8,8,choices=0,1,2,3,4,5,6,7,8|8,8,8,choices=0,1,2,3,4,5,6,7,8|8,8,8,choices=0,1,2,3,4,5,6,7,8:validation=True
palette3:4,0,9:4;9,-1,null,choices=0,1,2,3,4,5,6,7|9,-1,null,choices=0,1,2,3,4,5,6,7|9,-1,null,choices=0,1,2,3,4,5,6,7:0;9,-1,null,choices=0,1,2,3,4,5,6,7,8|9,-1,null,choices=0,1,2,3,4,5,6,7,8|9,-1,null,choices=0,1,2,3,4,5,6,7,8:0;9,-1,null,choices=0,1,2,3,4,5,6,7,8|9,-1,null,choices=0,1,2,3,4,5,6,7,8|9,-1,null,choices=0,1,2,3,4,5,6,7,8:validation=True
palette3:4,0,39:4;39,-1,null,choices=0,1,2,3,4,5,6,7|39,-1,null,choices=0,1,2,3,4,5,6,7|39,-1,null,choices=0,1,2,3,4,5,6,7:0;39,-1,null,choices=0,1,2,3,4,5,6,7,8|39,-1,null,choices=0,1,2,3,4,5,6,7,8|39,-1,null,choices=0,1,2,3,4,5,6,7,8:0;39,-1,null,choices=0,1,2,3,4,5,6,7,8|39,-1,null,choices=0,1,2,3,4,5,6,7,8|39,-1,null,choices=0,1,2,3,4,5,6,7,8:validation=True
palette3:4,0,254:4;254,-1,null,choices=0,1,2,3,4,5,6,7|254,-1,null,choices=0,1,2,3,4,5,6,7|254,-1,null,choices=0,1,2,3,4,5,6,7:0;254,-1,null,choices=0,1,2,3,4,5,6,7,8|254,-1,null,choices=0,1,2,3,4,5,6,7,8|254,-1,null,choices=0,1,2,3,4,5,6,7,8:0;254,-1,null,choices=0,1,2,3,4,5,6,7,8|254,-1,null,choices=0,1,2,3,4,5,6,7,8|254,-1,null,choices=0,1,2,3,4,5,6,7,8:validation=True
palette3:4,0,255:4;255,-1,null,choices=0,1,2,3,4,5,6,7|255,-1,null,choices=0,1,2,3,4,5,6,7|255,-1,null,choices=0,1,2,3,4,5,6,7:0;255,-1,null,choices=0,1,2,3,4,5,6,7,8|255,-1,null,choices=0,1,2,3,4,5,6,7,8|255,-1,null,choices=0,1,2,3,4,5,6,7,8:0;255,-1,null,choices=0,1,2,3,4,5,6,7,8|255,-1,null,choices=0,1,2,3,4,5,6,7,8|255,-1,null,choices=0,1,2,3,4,5,6,7,8:validation=True
palette3:4,1,0:4;0,0,0,choices=0,1,2,3,4,5,6,7|0,0,0,choices=0,1,2,3,4,5,6,7|0,0,0,choices=0,1,2,3,4,5,6,7:1;0,0,0,choices=0,1,2,3,4,5,6,7,8|0,0,0,choices=0,1,2,3,4,5,6,7,8|0,0,0,choices=0,1,2,3,4,5,6,7,8:1;0,0,0,choices=0,1,2,3,4,5,6,7,8|0,0,0,choices=0,1,2,3,4,5,6,7,8|0,0,0,choices=0,1,2,3,4,5,6,7,8:validation=True
palette3:4,1,1:4;1,1,1,choices=0,1,2,3,4,5,6,7|1,1,1,choices=0,1,2,3,4,5,6,7|1,1,1,choices=0,1,2,3,4,5,6,7:1;1,1,1,choices=0,1,2,3,4,5,6,7,8|1,1,1,choices=0,1,2,3,4,5,6,7,8|1,1,1,choices=0,1,2,3,4,5,6,7,8:1;1,1,1,choices=0,1,2,3,4,5,6,7,8|1,1,1,choices=0,1,2,3,4,5,6,7,8|1,1,1,choices=0,1,2,3,4,5,6,7,8:validation=True
palette3:4,1,2:4;2,2,2,choices=0,1,2,3,4,5,6,7|2,2,2,choices=0,1,2,3,4,5,6,7|2,2,2,choices=0,1,2,3,4,5,6,7:1;2,2,2,choices=0,1,2,3,4,5,6,7,8|2,2,2,choices=0,1,2,3,4,5,6,7,8|2,2,2,choices=0,1,2,3,4,5,6,7,8:1;2,2,2,choices=0,1,2,3,4,5,6,7,8|2,2,2,choices=0,1,2,3,4,5,6,7,8|2,2,2,choices=0,1,2,3,4,5,6,7,8:validation=True
palette3:4,1,3:4;3,3,3,choices=0,1,2,3,4,5,6,7|3,3,3,choices=0,1,2,3,4,5,6,7|3,3,3,choices=0,1,2,3,4,5,6,7:1;3,3,3,choices=0,1,2,3,4,5,6,7,8|3,3,3,choices=0,1,2,3,4,5,6,7,8|3,3,3,choices=0,1,2,3,4,5,6,7,8:1;3,3,3,choices=0,1,2,3,4,5,6,7,8|3,3,3,choices=0,1,2,3,4,5,6,7,8|3,3,3,choices=0,1,2,3,4,5,6,7,8:validation=True
palette3:4,1,4:4;4,4,4,choices=0,1,2,3,4,5,6,7|4,4,4,choices=0,1,2,3,4,5,6,7|4,4,4,choices=0,1,2,3,4,5,6,7:1;4,4,4,choices=0,1,2,3,4,5,6,7,8|4,4,4,choices=0,1,2,3,4,5,6,7,8|4,4,4,choices=0,1,2,3,4,5,6,7,8:1;4,4,4,choices=0,1,2,3,4,5,6,7,8|4,4,4,choices=0,1,2,3,4,5,6,7,8|4,4,4,choices=0,1,2,3,4,5,6,7,8:validation=True
palette3:4,1,5:4;5,5,5,choices=0,1,2,3,4,5,6,7|5,5,5,choices=0,1,2,3,4,5,6,7|5,5,5,choices=0,1,2,3,4,5,6,7:1;5,5,5,choices=0,1,2,3,4,5,6,7,8|5,5,5,choices=0,1,2,3,4,5,6,7,8|5,5,5,choices=0,1,2,3,4,5,6,7,8:1;5,5,5,choices=0,1,2,3,4,5,6,7,8|5,5,5,choices=0,1,2,3,4,5,6,7,8|5,5,5,choices=0,1,2,3,4,5,6,7,8:validation=True
palette3:4,1,6:4;6,6,6,choices=0,1,2,3,4,5,6,7|6,6,6,choices=0,1,2,3,4,5,6,7|6,6,6,choices=0,1,2,3,4,5,6,7:1;6,6,6,choices=0,1,2,3,4,5,6,7,8|6,6,6,choices=0,1,2,3,4,5,6,7,8|6,6,6,choices=0,1,2,3,4,5,6,7,8:1;6,6,6,choices=0,1,2,3,4,5,6,7,8|6,6,6,choices=0,1,2,3,4,5,6,7,8|6,6,6,choices=0,1,2,3,4,5,6,7,8:validation=True
palette3:4,1,7:4;7,7,7,choices=0,1,2,3,4,5,6,7|7,7,7,choices=0,1,2,3,4,5,6,7|7,7,7,choices=0,1,2,3,4,5,6,7:1;7,7,7,choices=0,1,2,3,4,5,6,7,8|7,7,7,choices=0,1,2,3,4,5,6,7,8|7,7,7,choices=0,1,2,3,4,5,6,7,8:1;7,7,7,choices=0,1,2,3,4,5,6,7,8|7,7,7,choices=0,1,2,3,4,5,6,7,8|7,7,7,choices=0,1,2,3,4,5,6,7,8:validation=True
palette3:4,1,8:4;8,-1,null,choices=0,1,2,3,4,5,6,7|8,-1,null,choices=0,1,2,3,4,5,6,7|8,-1,null,choices=0,1,2,3,4,5,6,7:1;8,8,8,choices=0,1,2,3,4,5,6,7,8|8,8,8,choices=0,1,2,3,4,5,6,7,8|8,8,8,choices=0,1,2,3,4,5,6,7,8:1;8,8,8,choices=0,1,2,3,4,5,6,7,8|8,8,8,choices=0,1,2,3,4,5,6,7,8|8,8,8,choices=0,1,2,3,4,5,6,7,8:validation=True
palette3:4,1,9:4;9,-1,null,choices=0,1,2,3,4,5,6,7|9,-1,null,choices=0,1,2,3,4,5,6,7|9,-1,null,choices=0,1,2,3,4,5,6,7:1;9,-1,null,choices=0,1,2,3,4,5,6,7,8|9,-1,null,choices=0,1,2,3,4,5,6,7,8|9,-1,null,choices=0,1,2,3,4,5,6,7,8:1;9,-1,null,choices=0,1,2,3,4,5,6,7,8|9,-1,null,choices=0,1,2,3,4,5,6,7,8|9,-1,null,choices=0,1,2,3,4,5,6,7,8:validation=True
palette3:4,1,39:4;39,-1,null,choices=0,1,2,3,4,5,6,7|39,-1,null,choices=0,1,2,3,4,5,6,7|39,-1,null,choices=0,1,2,3,4,5,6,7:1;39,-1,null,choices=0,1,2,3,4,5,6,7,8|39,-1,null,choices=0,1,2,3,4,5,6,7,8|39,-1,null,choices=0,1,2,3,4,5,6,7,8:1;39,-1,null,choices=0,1,2,3,4,5,6,7,8|39,-1,null,choices=0,1,2,3,4,5,6,7,8|39,-1,null,choices=0,1,2,3,4,5,6,7,8:validation=True
palette3:4,1,254:4;254,-1,null,choices=0,1,2,3,4,5,6,7|254,-1,null,choices=0,1,2,3,4,5,6,7|254,-1,null,choices=0,1,2,3,4,5,6,7:1;254,-1,null,choices=0,1,2,3,4,5,6,7,8|254,-1,null,choices=0,1,2,3,4,5,6,7,8|254,-1,null,choices=0,1,2,3,4,5,6,7,8:1;254,-1,null,choices=0,1,2,3,4,5,6,7,8|254,-1,null,choices=0,1,2,3,4,5,6,7,8|254,-1,null,choices=0,1,2,3,4,5,6,7,8:validation=True
palette3:4,1,255:4;255,-1,null,choices=0,1,2,3,4,5,6,7|255,-1,null,choices=0,1,2,3,4,5,6,7|255,-1,null,choices=0,1,2,3,4,5,6,7:1;255,-1,null,choices=0,1,2,3,4,5,6,7,8|255,-1,null,choices=0,1,2,3,4,5,6,7,8|255,-1,null,choices=0,1,2,3,4,5,6,7,8:1;255,-1,null,choices=0,1,2,3,4,5,6,7,8|255,-1,null,choices=0,1,2,3,4,5,6,7,8|255,-1,null,choices=0,1,2,3,4,5,6,7,8:validation=True
palette3:4,2,0:4;0,0,0,choices=0,1,2,3,4,5,6,7|0,0,0,choices=0,1,2,3,4,5,6,7|0,0,0,choices=0,1,2,3,4,5,6,7:2;0,0,0,choices=0,1,2,3,4,5,6,7|0,0,0,choices=0,1,2,3,4,5,6,7|0,0,0,choices=0,1,2,3,4,5,6,7:2;0,0,0,choices=0,1,2,3,4,5,6,7|0,0,0,choices=0,1,2,3,4,5,6,7|0,0,0,choices=0,1,2,3,4,5,6,7:validation=True
palette3:4,2,1:4;1,1,1,choices=0,1,2,3,4,5,6,7|1,1,1,choices=0,1,2,3,4,5,6,7|1,1,1,choices=0,1,2,3,4,5,6,7:2;1,1,1,choices=0,1,2,3,4,5,6,7|1,1,1,choices=0,1,2,3,4,5,6,7|1,1,1,choices=0,1,2,3,4,5,6,7:2;1,1,1,choices=0,1,2,3,4,5,6,7|1,1,1,choices=0,1,2,3,4,5,6,7|1,1,1,choices=0,1,2,3,4,5,6,7:validation=True
palette3:4,2,2:4;2,2,2,choices=0,1,2,3,4,5,6,7|2,2,2,choices=0,1,2,3,4,5,6,7|2,2,2,choices=0,1,2,3,4,5,6,7:2;2,2,2,choices=0,1,2,3,4,5,6,7|2,2,2,choices=0,1,2,3,4,5,6,7|2,2,2,choices=0,1,2,3,4,5,6,7:2;2,2,2,choices=0,1,2,3,4,5,6,7|2,2,2,choices=0,1,2,3,4,5,6,7|2,2,2,choices=0,1,2,3,4,5,6,7:validation=True
palette3:4,2,3:4;3,3,3,choices=0,1,2,3,4,5,6,7|3,3,3,choices=0,1,2,3,4,5,6,7|3,3,3,choices=0,1,2,3,4,5,6,7:2;3,3,3,choices=0,1,2,3,4,5,6,7|3,3,3,choices=0,1,2,3,4,5,6,7|3,3,3,choices=0,1,2,3,4,5,6,7:2;3,3,3,choices=0,1,2,3,4,5,6,7|3,3,3,choices=0,1,2,3,4,5,6,7|3,3,3,choices=0,1,2,3,4,5,6,7:validation=True
palette3:4,2,4:4;4,4,4,choices=0,1,2,3,4,5,6,7|4,4,4,choices=0,1,2,3,4,5,6,7|4,4,4,choices=0,1,2,3,4,5,6,7:2;4,4,4,choices=0,1,2,3,4,5,6,7|4,4,4,choices=0,1,2,3,4,5,6,7|4,4,4,choices=0,1,2,3,4,5,6,7:2;4,4,4,choices=0,1,2,3,4,5,6,7|4,4,4,choices=0,1,2,3,4,5,6,7|4,4,4,choices=0,1,2,3,4,5,6,7:validation=True
palette3:4,2,5:4;5,5,5,choices=0,1,2,3,4,5,6,7|5,5,5,choices=0,1,2,3,4,5,6,7|5,5,5,choices=0,1,2,3,4,5,6,7:2;5,5,5,choices=0,1,2,3,4,5,6,7|5,5,5,choices=0,1,2,3,4,5,6,7|5,5,5,choices=0,1,2,3,4,5,6,7:2;5,5,5,choices=0,1,2,3,4,5,6,7|5,5,5,choices=0,1,2,3,4,5,6,7|5,5,5,choices=0,1,2,3,4,5,6,7:validation=True
palette3:4,2,6:4;6,6,6,choices=0,1,2,3,4,5,6,7|6,6,6,choices=0,1,2,3,4,5,6,7|6,6,6,choices=0,1,2,3,4,5,6,7:2;6,6,6,choices=0,1,2,3,4,5,6,7|6,6,6,choices=0,1,2,3,4,5,6,7|6,6,6,choices=0,1,2,3,4,5,6,7:2;6,6,6,choices=0,1,2,3,4,5,6,7|6,6,6,choices=0,1,2,3,4,5,6,7|6,6,6,choices=0,1,2,3,4,5,6,7:validation=True
palette3:4,2,7:4;7,7,7,choices=0,1,2,3,4,5,6,7|7,7,7,choices=0,1,2,3,4,5,6,7|7,7,7,choices=0,1,2,3,4,5,6,7:2;7,7,7,choices=0,1,2,3,4,5,6,7|7,7,7,choices=0,1,2,3,4,5,6,7|7,7,7,choices=0,1,2,3,4,5,6,7:2;7,7,7,choices=0,1,2,3,4,5,6,7|7,7,7,choices=0,1,2,3,4,5,6,7|7,7,7,choices=0,1,2,3,4,5,6,7:validation=True
palette3:4,2,8:4;8,-1,null,choices=0,1,2,3,4,5,6,7|8,-1,null,choices=0,1,2,3,4,5,6,7|8,-1,null,choices=0,1,2,3,4,5,6,7:2;8,-1,null,choices=0,1,2,3,4,5,6,7|8,-1,null,choices=0,1,2,3,4,5,6,7|8,-1,null,choices=0,1,2,3,4,5,6,7:2;8,-1,null,choices=0,1,2,3,4,5,6,7|8,-1,null,choices=0,1,2,3,4,5,6,7|8,-1,null,choices=0,1,2,3,4,5,6,7:validation=True
palette3:4,2,9:4;9,-1,null,choices=0,1,2,3,4,5,6,7|9,-1,null,choices=0,1,2,3,4,5,6,7|9,-1,null,choices=0,1,2,3,4,5,6,7:2;9,-1,null,choices=0,1,2,3,4,5,6,7|9,-1,null,choices=0,1,2,3,4,5,6,7|9,-1,null,choices=0,1,2,3,4,5,6,7:2;9,-1,null,choices=0,1,2,3,4,5,6,7|9,-1,null,choices=0,1,2,3,4,5,6,7|9,-1,null,choices=0,1,2,3,4,5,6,7:validation=True
palette3:4,2,39:4;39,-1,null,choices=0,1,2,3,4,5,6,7|39,-1,null,choices=0,1,2,3,4,5,6,7|39,-1,null,choices=0,1,2,3,4,5,6,7:2;39,-1,null,choices=0,1,2,3,4,5,6,7|39,-1,null,choices=0,1,2,3,4,5,6,7|39,-1,null,choices=0,1,2,3,4,5,6,7:2;39,-1,null,choices=0,1,2,3,4,5,6,7|39,-1,null,choices=0,1,2,3,4,5,6,7|39,-1,null,choices=0,1,2,3,4,5,6,7:validation=True
palette3:4,2,254:4;254,-1,null,choices=0,1,2,3,4,5,6,7|254,-1,null,choices=0,1,2,3,4,5,6,7|254,-1,null,choices=0,1,2,3,4,5,6,7:2;254,-1,null,choices=0,1,2,3,4,5,6,7|254,-1,null,choices=0,1,2,3,4,5,6,7|254,-1,null,choices=0,1,2,3,4,5,6,7:2;254,-1,null,choices=0,1,2,3,4,5,6,7|254,-1,null,choices=0,1,2,3,4,5,6,7|254,-1,null,choices=0,1,2,3,4,5,6,7:validation=True
palette3:4,2,255:4;255,-1,null,choices=0,1,2,3,4,5,6,7|255,-1,null,choices=0,1,2,3,4,5,6,7|255,-1,null,choices=0,1,2,3,4,5,6,7:2;255,-1,null,choices=0,1,2,3,4,5,6,7|255,-1,null,choices=0,1,2,3,4,5,6,7|255,-1,null,choices=0,1,2,3,4,5,6,7:2;255,-1,null,choices=0,1,2,3,4,5,6,7|255,-1,null,choices=0,1,2,3,4,5,6,7|255,-1,null,choices=0,1,2,3,4,5,6,7:validation=True
palette3:4,3,0:4;0,0,0,choices=0,1,2,3,4,5,6,7|0,0,0,choices=0,1,2,3,4,5,6,7|0,0,0,choices=0,1,2,3,4,5,6,7:3;0,0,0,choices=0,1,2,3,4,5,6,7|0,0,0,choices=0,1,2,3,4,5,6,7|0,0,0,choices=0,1,2,3,4,5,6,7:3;0,0,0,choices=0,1,2,3,4,5,6,7|0,0,0,choices=0,1,2,3,4,5,6,7|0,0,0,choices=0,1,2,3,4,5,6,7:validation=True
palette3:4,3,1:4;1,1,1,choices=0,1,2,3,4,5,6,7|1,1,1,choices=0,1,2,3,4,5,6,7|1,1,1,choices=0,1,2,3,4,5,6,7:3;1,1,1,choices=0,1,2,3,4,5,6,7|1,1,1,choices=0,1,2,3,4,5,6,7|1,1,1,choices=0,1,2,3,4,5,6,7:3;1,1,1,choices=0,1,2,3,4,5,6,7|1,1,1,choices=0,1,2,3,4,5,6,7|1,1,1,choices=0,1,2,3,4,5,6,7:validation=True
palette3:4,3,2:4;2,2,2,choices=0,1,2,3,4,5,6,7|2,2,2,choices=0,1,2,3,4,5,6,7|2,2,2,choices=0,1,2,3,4,5,6,7:3;2,2,2,choices=0,1,2,3,4,5,6,7|2,2,2,choices=0,1,2,3,4,5,6,7|2,2,2,choices=0,1,2,3,4,5,6,7:3;2,2,2,choices=0,1,2,3,4,5,6,7|2,2,2,choices=0,1,2,3,4,5,6,7|2,2,2,choices=0,1,2,3,4,5,6,7:validation=True
palette3:4,3,3:4;3,3,3,choices=0,1,2,3,4,5,6,7|3,3,3,choices=0,1,2,3,4,5,6,7|3,3,3,choices=0,1,2,3,4,5,6,7:3;3,3,3,choices=0,1,2,3,4,5,6,7|3,3,3,choices=0,1,2,3,4,5,6,7|3,3,3,choices=0,1,2,3,4,5,6,7:3;3,3,3,choices=0,1,2,3,4,5,6,7|3,3,3,choices=0,1,2,3,4,5,6,7|3,3,3,choices=0,1,2,3,4,5,6,7:validation=True
palette3:4,3,4:4;4,4,4,choices=0,1,2,3,4,5,6,7|4,4,4,choices=0,1,2,3,4,5,6,7|4,4,4,choices=0,1,2,3,4,5,6,7:3;4,4,4,choices=0,1,2,3,4,5,6,7|4,4,4,choices=0,1,2,3,4,5,6,7|4,4,4,choices=0,1,2,3,4,5,6,7:3;4,4,4,choices=0,1,2,3,4,5,6,7|4,4,4,choices=0,1,2,3,4,5,6,7|4,4,4,choices=0,1,2,3,4,5,6,7:validation=True
palette3:4,3,5:4;5,5,5,choices=0,1,2,3,4,5,6,7|5,5,5,choices=0,1,2,3,4,5,6,7|5,5,5,choices=0,1,2,3,4,5,6,7:3;5,5,5,choices=0,1,2,3,4,5,6,7|5,5,5,choices=0,1,2,3,4,5,6,7|5,5,5,choices=0,1,2,3,4,5,6,7:3;5,5,5,choices=0,1,2,3,4,5,6,7|5,5,5,choices=0,1,2,3,4,5,6,7|5,5,5,choices=0,1,2,3,4,5,6,7:validation=True
palette3:4,3,6:4;6,6,6,choices=0,1,2,3,4,5,6,7|6,6,6,choices=0,1,2,3,4,5,6,7|6,6,6,choices=0,1,2,3,4,5,6,7:3;6,6,6,choices=0,1,2,3,4,5,6,7|6,6,6,choices=0,1,2,3,4,5,6,7|6,6,6,choices=0,1,2,3,4,5,6,7:3;6,6,6,choices=0,1,2,3,4,5,6,7|6,6,6,choices=0,1,2,3,4,5,6,7|6,6,6,choices=0,1,2,3,4,5,6,7:validation=True
palette3:4,3,7:4;7,7,7,choices=0,1,2,3,4,5,6,7|7,7,7,choices=0,1,2,3,4,5,6,7|7,7,7,choices=0,1,2,3,4,5,6,7:3;7,7,7,choices=0,1,2,3,4,5,6,7|7,7,7,choices=0,1,2,3,4,5,6,7|7,7,7,choices=0,1,2,3,4,5,6,7:3;7,7,7,choices=0,1,2,3,4,5,6,7|7,7,7,choices=0,1,2,3,4,5,6,7|7,7,7,choices=0,1,2,3,4,5,6,7:validation=True
palette3:4,3,8:4;8,-1,null,choices=0,1,2,3,4,5,6,7|8,-1,null,choices=0,1,2,3,4,5,6,7|8,-1,null,choices=0,1,2,3,4,5,6,7:3;8,-1,null,choices=0,1,2,3,4,5,6,7|8,-1,null,choices=0,1,2,3,4,5,6,7|8,-1,null,choices=0,1,2,3,4,5,6,7:3;8,-1,null,choices=0,1,2,3,4,5,6,7|8,-1,null,choices=0,1,2,3,4,5,6,7|8,-1,null,choices=0,1,2,3,4,5,6,7:validation=True
palette3:4,3,9:4;9,-1,null,choices=0,1,2,3,4,5,6,7|9,-1,null,choices=0,1,2,3,4,5,6,7|9,-1,null,choices=0,1,2,3,4,5,6,7:3;9,-1,null,choices=0,1,2,3,4,5,6,7|9,-1,null,choices=0,1,2,3,4,5,6,7|9,-1,null,choices=0,1,2,3,4,5,6,7:3;9,-1,null,choices=0,1,2,3,4,5,6,7|9,-1,null,choices=0,1,2,3,4,5,6,7|9,-1,null,choices=0,1,2,3,4,5,6,7:validation=True
palette3:4,3,39:4;39,-1,null,choices=0,1,2,3,4,5,6,7|39,-1,null,choices=0,1,2,3,4,5,6,7|39,-1,null,choices=0,1,2,3,4,5,6,7:3;39,-1,null,choices=0,1,2,3,4,5,6,7|39,-1,null,choices=0,1,2,3,4,5,6,7|39,-1,null,choices=0,1,2,3,4,5,6,7:3;39,-1,null,choices=0,1,2,3,4,5,6,7|39,-1,null,choices=0,1,2,3,4,5,6,7|39,-1,null,choices=0,1,2,3,4,5,6,7:validation=True
palette3:4,3,254:4;254,-1,null,choices=0,1,2,3,4,5,6,7|254,-1,null,choices=0,1,2,3,4,5,6,7|254,-1,null,choices=0,1,2,3,4,5,6,7:3;254,-1,null,choices=0,1,2,3,4,5,6,7|254,-1,null,choices=0,1,2,3,4,5,6,7|254,-1,null,choices=0,1,2,3,4,5,6,7:3;254,-1,null,choices=0,1,2,3,4,5,6,7|254,-1,null,choices=0,1,2,3,4,5,6,7|254,-1,null,choices=0,1,2,3,4,5,6,7:validation=True
palette3:4,3,255:4;255,-1,null,choices=0,1,2,3,4,5,6,7|255,-1,null,choices=0,1,2,3,4,5,6,7|255,-1,null,choices=0,1,2,3,4,5,6,7:3;255,-1,null,choices=0,1,2,3,4,5,6,7|255,-1,null,choices=0,1,2,3,4,5,6,7|255,-1,null,choices=0,1,2,3,4,5,6,7:3;255,-1,null,choices=0,1,2,3,4,5,6,7|255,-1,null,choices=0,1,2,3,4,5,6,7|255,-1,null,choices=0,1,2,3,4,5,6,7:validation=True
palette3:5,0,0:5;0,0,0,choices=0,1,2,3,4,5,6,7|0,0,0,choices=0,1,2,3,4,5,6,7|0,0,0,choices=0,1,2,3,4,5,6,7:0;0,0,0,choices=0,1,2,3,4,5,6,7,8|0,0,0,choices=0,1,2,3,4,5,6,7,8|0,0,0,choices=0,1,2,3,4,5,6,7,8:0;0,0,0,choices=0,1,2,3,4,5,6,7,8|0,0,0,choices=0,1,2,3,4,5,6,7,8|0,0,0,choices=0,1,2,3,4,5,6,7,8:validation=True
palette3:5,0,1:5;1,1,1,choices=0,1,2,3,4,5,6,7|1,1,1,choices=0,1,2,3,4,5,6,7|1,1,1,choices=0,1,2,3,4,5,6,7:0;1,1,1,choices=0,1,2,3,4,5,6,7,8|1,1,1,choices=0,1,2,3,4,5,6,7,8|1,1,1,choices=0,1,2,3,4,5,6,7,8:0;1,1,1,choices=0,1,2,3,4,5,6,7,8|1,1,1,choices=0,1,2,3,4,5,6,7,8|1,1,1,choices=0,1,2,3,4,5,6,7,8:validation=True
palette3:5,0,2:5;2,2,2,choices=0,1,2,3,4,5,6,7|2,2,2,choices=0,1,2,3,4,5,6,7|2,2,2,choices=0,1,2,3,4,5,6,7:0;2,2,2,choices=0,1,2,3,4,5,6,7,8|2,2,2,choices=0,1,2,3,4,5,6,7,8|2,2,2,choices=0,1,2,3,4,5,6,7,8:0;2,2,2,choices=0,1,2,3,4,5,6,7,8|2,2,2,choices=0,1,2,3,4,5,6,7,8|2,2,2,choices=0,1,2,3,4,5,6,7,8:validation=True
palette3:5,0,3:5;3,3,3,choices=0,1,2,3,4,5,6,7|3,3,3,choices=0,1,2,3,4,5,6,7|3,3,3,choices=0,1,2,3,4,5,6,7:0;3,3,3,choices=0,1,2,3,4,5,6,7,8|3,3,3,choices=0,1,2,3,4,5,6,7,8|3,3,3,choices=0,1,2,3,4,5,6,7,8:0;3,3,3,choices=0,1,2,3,4,5,6,7,8|3,3,3,choices=0,1,2,3,4,5,6,7,8|3,3,3,choices=0,1,2,3,4,5,6,7,8:validation=True
palette3:5,0,4:5;4,4,4,choices=0,1,2,3,4,5,6,7|4,4,4,choices=0,1,2,3,4,5,6,7|4,4,4,choices=0,1,2,3,4,5,6,7:0;4,4,4,choices=0,1,2,3,4,5,6,7,8|4,4,4,choices=0,1,2,3,4,5,6,7,8|4,4,4,choices=0,1,2,3,4,5,6,7,8:0;4,4,4,choices=0,1,2,3,4,5,6,7,8|4,4,4,choices=0,1,2,3,4,5,6,7,8|4,4,4,choices=0,1,2,3,4,5,6,7,8:validation=True
palette3:5,0,5:5;5,5,5,choices=0,1,2,3,4,5,6,7|5,5,5,choices=0,1,2,3,4,5,6,7|5,5,5,choices=0,1,2,3,4,5,6,7:0;5,5,5,choices=0,1,2,3,4,5,6,7,8|5,5,5,choices=0,1,2,3,4,5,6,7,8|5,5,5,choices=0,1,2,3,4,5,6,7,8:0;5,5,5,choices=0,1,2,3,4,5,6,7,8|5,5,5,choices=0,1,2,3,4,5,6,7,8|5,5,5,choices=0,1,2,3,4,5,6,7,8:validation=True
palette3:5,0,6:5;6,6,6,choices=0,1,2,3,4,5,6,7|6,6,6,choices=0,1,2,3,4,5,6,7|6,6,6,choices=0,1,2,3,4,5,6,7:0;6,6,6,choices=0,1,2,3,4,5,6,7,8|6,6,6,choices=0,1,2,3,4,5,6,7,8|6,6,6,choices=0,1,2,3,4,5,6,7,8:0;6,6,6,choices=0,1,2,3,4,5,6,7,8|6,6,6,choices=0,1,2,3,4,5,6,7,8|6,6,6,choices=0,1,2,3,4,5,6,7,8:validation=True
palette3:5,0,7:5;7,7,7,choices=0,1,2,3,4,5,6,7|7,7,7,choices=0,1,2,3,4,5,6,7|7,7,7,choices=0,1,2,3,4,5,6,7:0;7,7,7,choices=0,1,2,3,4,5,6,7,8|7,7,7,choices=0,1,2,3,4,5,6,7,8|7,7,7,choices=0,1,2,3,4,5,6,7,8:0;7,7,7,choices=0,1,2,3,4,5,6,7,8|7,7,7,choices=0,1,2,3,4,5,6,7,8|7,7,7,choices=0,1,2,3,4,5,6,7,8:validation=True
palette3:5,0,8:5;8,-1,null,choices=0,1,2,3,4,5,6,7|8,-1,null,choices=0,1,2,3,4,5,6,7|8,-1,null,choices=0,1,2,3,4,5,6,7:0;8,8,8,choices=0,1,2,3,4,5,6,7,8|8,8,8,choices=0,1,2,3,4,5,6,7,8|8,8,8,choices=0,1,2,3,4,5,6,7,8:0;8,8,8,choices=0,1,2,3,4,5,6,7,8|8,8,8,choices=0,1,2,3,4,5,6,7,8|8,8,8,choices=0,1,2,3,4,5,6,7,8:validation=True
palette3:5,0,9:5;9,-1,null,choices=0,1,2,3,4,5,6,7|9,-1,null,choices=0,1,2,3,4,5,6,7|9,-1,null,choices=0,1,2,3,4,5,6,7:0;9,-1,null,choices=0,1,2,3,4,5,6,7,8|9,-1,null,choices=0,1,2,3,4,5,6,7,8|9,-1,null,choices=0,1,2,3,4,5,6,7,8:0;9,-1,null,choices=0,1,2,3,4,5,6,7,8|9,-1,null,choices=0,1,2,3,4,5,6,7,8|9,-1,null,choices=0,1,2,3,4,5,6,7,8:validation=True
palette3:5,0,39:5;39,-1,null,choices=0,1,2,3,4,5,6,7|39,-1,null,choices=0,1,2,3,4,5,6,7|39,-1,null,choices=0,1,2,3,4,5,6,7:0;39,-1,null,choices=0,1,2,3,4,5,6,7,8|39,-1,null,choices=0,1,2,3,4,5,6,7,8|39,-1,null,choices=0,1,2,3,4,5,6,7,8:0;39,-1,null,choices=0,1,2,3,4,5,6,7,8|39,-1,null,choices=0,1,2,3,4,5,6,7,8|39,-1,null,choices=0,1,2,3,4,5,6,7,8:validation=True
palette3:5,0,254:5;254,-1,null,choices=0,1,2,3,4,5,6,7|254,-1,null,choices=0,1,2,3,4,5,6,7|254,-1,null,choices=0,1,2,3,4,5,6,7:0;254,-1,null,choices=0,1,2,3,4,5,6,7,8|254,-1,null,choices=0,1,2,3,4,5,6,7,8|254,-1,null,choices=0,1,2,3,4,5,6,7,8:0;254,-1,null,choices=0,1,2,3,4,5,6,7,8|254,-1,null,choices=0,1,2,3,4,5,6,7,8|254,-1,null,choices=0,1,2,3,4,5,6,7,8:validation=True
palette3:5,0,255:5;255,-1,null,choices=0,1,2,3,4,5,6,7|255,-1,null,choices=0,1,2,3,4,5,6,7|255,-1,null,choices=0,1,2,3,4,5,6,7:0;255,-1,null,choices=0,1,2,3,4,5,6,7,8|255,-1,null,choices=0,1,2,3,4,5,6,7,8|255,-1,null,choices=0,1,2,3,4,5,6,7,8:0;255,-1,null,choices=0,1,2,3,4,5,6,7,8|255,-1,null,choices=0,1,2,3,4,5,6,7,8|255,-1,null,choices=0,1,2,3,4,5,6,7,8:validation=True
palette3:5,1,0:5;0,0,0,choices=0,1,2,3,4,5,6,7|0,0,0,choices=0,1,2,3,4,5,6,7|0,0,0,choices=0,1,2,3,4,5,6,7:1;0,0,0,choices=0,1,2,3,4,5,6,7,8|0,0,0,choices=0,1,2,3,4,5,6,7,8|0,0,0,choices=0,1,2,3,4,5,6,7,8:1;0,0,0,choices=0,1,2,3,4,5,6,7,8|0,0,0,choices=0,1,2,3,4,5,6,7,8|0,0,0,choices=0,1,2,3,4,5,6,7,8:validation=True
palette3:5,1,1:5;1,1,1,choices=0,1,2,3,4,5,6,7|1,1,1,choices=0,1,2,3,4,5,6,7|1,1,1,choices=0,1,2,3,4,5,6,7:1;1,1,1,choices=0,1,2,3,4,5,6,7,8|1,1,1,choices=0,1,2,3,4,5,6,7,8|1,1,1,choices=0,1,2,3,4,5,6,7,8:1;1,1,1,choices=0,1,2,3,4,5,6,7,8|1,1,1,choices=0,1,2,3,4,5,6,7,8|1,1,1,choices=0,1,2,3,4,5,6,7,8:validation=True
palette3:5,1,2:5;2,2,2,choices=0,1,2,3,4,5,6,7|2,2,2,choices=0,1,2,3,4,5,6,7|2,2,2,choices=0,1,2,3,4,5,6,7:1;2,2,2,choices=0,1,2,3,4,5,6,7,8|2,2,2,choices=0,1,2,3,4,5,6,7,8|2,2,2,choices=0,1,2,3,4,5,6,7,8:1;2,2,2,choices=0,1,2,3,4,5,6,7,8|2,2,2,choices=0,1,2,3,4,5,6,7,8|2,2,2,choices=0,1,2,3,4,5,6,7,8:validation=True
palette3:5,1,3:5;3,3,3,choices=0,1,2,3,4,5,6,7|3,3,3,choices=0,1,2,3,4,5,6,7|3,3,3,choices=0,1,2,3,4,5,6,7:1;3,3,3,choices=0,1,2,3,4,5,6,7,8|3,3,3,choices=0,1,2,3,4,5,6,7,8|3,3,3,choices=0,1,2,3,4,5,6,7,8:1;3,3,3,choices=0,1,2,3,4,5,6,7,8|3,3,3,choices=0,1,2,3,4,5,6,7,8|3,3,3,choices=0,1,2,3,4,5,6,7,8:validation=True
palette3:5,1,4:5;4,4,4,choices=0,1,2,3,4,5,6,7|4,4,4,choices=0,1,2,3,4,5,6,7|4,4,4,choices=0,1,2,3,4,5,6,7:1;4,4,4,choices=0,1,2,3,4,5,6,7,8|4,4,4,choices=0,1,2,3,4,5,6,7,8|4,4,4,choices=0,1,2,3,4,5,6,7,8:1;4,4,4,choices=0,1,2,3,4,5,6,7,8|4,4,4,choices=0,1,2,3,4,5,6,7,8|4,4,4,choices=0,1,2,3,4,5,6,7,8:validation=True
palette3:5,1,5:5;5,5,5,choices=0,1,2,3,4,5,6,7|5,5,5,choices=0,1,2,3,4,5,6,7|5,5,5,choices=0,1,2,3,4,5,6,7:1;5,5,5,choices=0,1,2,3,4,5,6,7,8|5,5,5,choices=0,1,2,3,4,5,6,7,8|5,5,5,choices=0,1,2,3,4,5,6,7,8:1;5,5,5,choices=0,1,2,3,4,5,6,7,8|5,5,5,choices=0,1,2,3,4,5,6,7,8|5,5,5,choices=0,1,2,3,4,5,6,7,8:validation=True
palette3:5,1,6:5;6,6,6,choices=0,1,2,3,4,5,6,7|6,6,6,choices=0,1,2,3,4,5,6,7|6,6,6,choices=0,1,2,3,4,5,6,7:1;6,6,6,choices=0,1,2,3,4,5,6,7,8|6,6,6,choices=0,1,2,3,4,5,6,7,8|6,6,6,choices=0,1,2,3,4,5,6,7,8:1;6,6,6,choices=0,1,2,3,4,5,6,7,8|6,6,6,choices=0,1,2,3,4,5,6,7,8|6,6,6,choices=0,1,2,3,4,5,6,7,8:validation=True
palette3:5,1,7:5;7,7,7,choices=0,1,2,3,4,5,6,7|7,7,7,choices=0,1,2,3,4,5,6,7|7,7,7,choices=0,1,2,3,4,5,6,7:1;7,7,7,choices=0,1,2,3,4,5,6,7,8|7,7,7,choices=0,1,2,3,4,5,6,7,8|7,7,7,choices=0,1,2,3,4,5,6,7,8:1;7,7,7,choices=0,1,2,3,4,5,6,7,8|7,7,7,choices=0,1,2,3,4,5,6,7,8|7,7,7,choices=0,1,2,3,4,5,6,7,8:validation=True
palette3:5,1,8:5;8,-1,null,choices=0,1,2,3,4,5,6,7|8,-1,null,choices=0,1,2,3,4,5,6,7|8,-1,null,choices=0,1,2,3,4,5,6,7:1;8,8,8,choices=0,1,2,3,4,5,6,7,8|8,8,8,choices=0,1,2,3,4,5,6,7,8|8,8,8,choices=0,1,2,3,4,5,6,7,8:1;8,8,8,choices=0,1,2,3,4,5,6,7,8|8,8,8,choices=0,1,2,3,4,5,6,7,8|8,8,8,choices=0,1,2,3,4,5,6,7,8:validation=True
palette3:5,1,9:5;9,-1,null,choices=0,1,2,3,4,5,6,7|9,-1,null,choices=0,1,2,3,4,5,6,7|9,-1,null,choices=0,1,2,3,4,5,6,7:1;9,-1,null,choices=0,1,2,3,4,5,6,7,8|9,-1,null,choices=0,1,2,3,4,5,6,7,8|9,-1,null,choices=0,1,2,3,4,5,6,7,8:1;9,-1,null,choices=0,1,2,3,4,5,6,7,8|9,-1,null,choices=0,1,2,3,4,5,6,7,8|9,-1,null,choices=0,1,2,3,4,5,6,7,8:validation=True
palette3:5,1,39:5;39,-1,null,choices=0,1,2,3,4,5,6,7|39,-1,null,choices=0,1,2,3,4,5,6,7|39,-1,null,choices=0,1,2,3,4,5,6,7:1;39,-1,null,choices=0,1,2,3,4,5,6,7,8|39,-1,null,choices=0,1,2,3,4,5,6,7,8|39,-1,null,choices=0,1,2,3,4,5,6,7,8:1;39,-1,null,choices=0,1,2,3,4,5,6,7,8|39,-1,null,choices=0,1,2,3,4,5,6,7,8|39,-1,null,choices=0,1,2,3,4,5,6,7,8:validation=True
palette3:5,1,254:5;254,-1,null,choices=0,1,2,3,4,5,6,7|254,-1,null,choices=0,1,2,3,4,5,6,7|254,-1,null,choices=0,1,2,3,4,5,6,7:1;254,-1,null,choices=0,1,2,3,4,5,6,7,8|254,-1,null,choices=0,1,2,3,4,5,6,7,8|254,-1,null,choices=0,1,2,3,4,5,6,7,8:1;254,-1,null,choices=0,1,2,3,4,5,6,7,8|254,-1,null,choices=0,1,2,3,4,5,6,7,8|254,-1,null,choices=0,1,2,3,4,5,6,7,8:validation=True
palette3:5,1,255:5;255,-1,null,choices=0,1,2,3,4,5,6,7|255,-1,null,choices=0,1,2,3,4,5,6,7|255,-1,null,choices=0,1,2,3,4,5,6,7:1;255,-1,null,choices=0,1,2,3,4,5,6,7,8|255,-1,null,choices=0,1,2,3,4,5,6,7,8|255,-1,null,choices=0,1,2,3,4,5,6,7,8:1;255,-1,null,choices=0,1,2,3,4,5,6,7,8|255,-1,null,choices=0,1,2,3,4,5,6,7,8|255,-1,null,choices=0,1,2,3,4,5,6,7,8:validation=True
palette3:5,2,0:5;0,0,0,choices=0,1,2,3,4,5,6,7|0,0,0,choices=0,1,2,3,4,5,6,7|0,0,0,choices=0,1,2,3,4,5,6,7:2;0,0,0,choices=0,1,2,3,4,5,6,7|0,0,0,choices=0,1,2,3,4,5,6,7|0,0,0,choices=0,1,2,3,4,5,6,7:2;0,0,0,choices=0,1,2,3,4,5,6,7|0,0,0,choices=0,1,2,3,4,5,6,7|0,0,0,choices=0,1,2,3,4,5,6,7:validation=True
palette3:5,2,1:5;1,1,1,choices=0,1,2,3,4,5,6,7|1,1,1,choices=0,1,2,3,4,5,6,7|1,1,1,choices=0,1,2,3,4,5,6,7:2;1,1,1,choices=0,1,2,3,4,5,6,7|1,1,1,choices=0,1,2,3,4,5,6,7|1,1,1,choices=0,1,2,3,4,5,6,7:2;1,1,1,choices=0,1,2,3,4,5,6,7|1,1,1,choices=0,1,2,3,4,5,6,7|1,1,1,choices=0,1,2,3,4,5,6,7:validation=True
palette3:5,2,2:5;2,2,2,choices=0,1,2,3,4,5,6,7|2,2,2,choices=0,1,2,3,4,5,6,7|2,2,2,choices=0,1,2,3,4,5,6,7:2;2,2,2,choices=0,1,2,3,4,5,6,7|2,2,2,choices=0,1,2,3,4,5,6,7|2,2,2,choices=0,1,2,3,4,5,6,7:2;2,2,2,choices=0,1,2,3,4,5,6,7|2,2,2,choices=0,1,2,3,4,5,6,7|2,2,2,choices=0,1,2,3,4,5,6,7:validation=True
palette3:5,2,3:5;3,3,3,choices=0,1,2,3,4,5,6,7|3,3,3,choices=0,1,2,3,4,5,6,7|3,3,3,choices=0,1,2,3,4,5,6,7:2;3,3,3,choices=0,1,2,3,4,5,6,7|3,3,3,choices=0,1,2,3,4,5,6,7|3,3,3,choices=0,1,2,3,4,5,6,7:2;3,3,3,choices=0,1,2,3,4,5,6,7|3,3,3,choices=0,1,2,3,4,5,6,7|3,3,3,choices=0,1,2,3,4,5,6,7:validation=True
palette3:5,2,4:5;4,4,4,choices=0,1,2,3,4,5,6,7|4,4,4,choices=0,1,2,3,4,5,6,7|4,4,4,choices=0,1,2,3,4,5,6,7:2;4,4,4,choices=0,1,2,3,4,5,6,7|4,4,4,choices=0,1,2,3,4,5,6,7|4,4,4,choices=0,1,2,3,4,5,6,7:2;4,4,4,choices=0,1,2,3,4,5,6,7|4,4,4,choices=0,1,2,3,4,5,6,7|4,4,4,choices=0,1,2,3,4,5,6,7:validation=True
palette3:5,2,5:5;5,5,5,choices=0,1,2,3,4,5,6,7|5,5,5,choices=0,1,2,3,4,5,6,7|5,5,5,choices=0,1,2,3,4,5,6,7:2;5,5,5,choices=0,1,2,3,4,5,6,7|5,5,5,choices=0,1,2,3,4,5,6,7|5,5,5,choices=0,1,2,3,4,5,6,7:2;5,5,5,choices=0,1,2,3,4,5,6,7|5,5,5,choices=0,1,2,3,4,5,6,7|5,5,5,choices=0,1,2,3,4,5,6,7:validation=True
palette3:5,2,6:5;6,6,6,choices=0,1,2,3,4,5,6,7|6,6,6,choices=0,1,2,3,4,5,6,7|6,6,6,choices=0,1,2,3,4,5,6,7:2;6,6,6,choices=0,1,2,3,4,5,6,7|6,6,6,choices=0,1,2,3,4,5,6,7|6,6,6,choices=0,1,2,3,4,5,6,7:2;6,6,6,choices=0,1,2,3,4,5,6,7|6,6,6,choices=0,1,2,3,4,5,6,7|6,6,6,choices=0,1,2,3,4,5,6,7:validation=True
palette3:5,2,7:5;7,7,7,choices=0,1,2,3,4,5,6,7|7,7,7,choices=0,1,2,3,4,5,6,7|7,7,7,choices=0,1,2,3,4,5,6,7:2;7,7,7,choices=0,1,2,3,4,5,6,7|7,7,7,choices=0,1,2,3,4,5,6,7|7,7,7,choices=0,1,2,3,4,5,6,7:2;7,7,7,choices=0,1,2,3,4,5,6,7|7,7,7,choices=0,1,2,3,4,5,6,7|7,7,7,choices=0,1,2,3,4,5,6,7:validation=True
palette3:5,2,8:5;8,-1,null,choices=0,1,2,3,4,5,6,7|8,-1,null,choices=0,1,2,3,4,5,6,7|8,-1,null,choices=0,1,2,3,4,5,6,7:2;8,-1,null,choices=0,1,2,3,4,5,6,7|8,-1,null,choices=0,1,2,3,4,5,6,7|8,-1,null,choices=0,1,2,3,4,5,6,7:2;8,-1,null,choices=0,1,2,3,4,5,6,7|8,-1,null,choices=0,1,2,3,4,5,6,7|8,-1,null,choices=0,1,2,3,4,5,6,7:validation=True
palette3:5,2,9:5;9,-1,null,choices=0,1,2,3,4,5,6,7|9,-1,null,choices=0,1,2,3,4,5,6,7|9,-1,null,choices=0,1,2,3,4,5,6,7:2;9,-1,null,choices=0,1,2,3,4,5,6,7|9,-1,null,choices=0,1,2,3,4,5,6,7|9,-1,null,choices=0,1,2,3,4,5,6,7:2;9,-1,null,choices=0,1,2,3,4,5,6,7|9,-1,null,choices=0,1,2,3,4,5,6,7|9,-1,null,choices=0,1,2,3,4,5,6,7:validation=True
palette3:5,2,39:5;39,-1,null,choices=0,1,2,3,4,5,6,7|39,-1,null,choices=0,1,2,3,4,5,6,7|39,-1,null,choices=0,1,2,3,4,5,6,7:2;39,-1,null,choices=0,1,2,3,4,5,6,7|39,-1,null,choices=0,1,2,3,4,5,6,7|39,-1,null,choices=0,1,2,3,4,5,6,7:2;39,-1,null,choices=0,1,2,3,4,5,6,7|39,-1,null,choices=0,1,2,3,4,5,6,7|39,-1,null,choices=0,1,2,3,4,5,6,7:validation=True
palette3:5,2,254:5;254,-1,null,choices=0,1,2,3,4,5,6,7|254,-1,null,choices=0,1,2,3,4,5,6,7|254,-1,null,choices=0,1,2,3,4,5,6,7:2;254,-1,null,choices=0,1,2,3,4,5,6,7|254,-1,null,choices=0,1,2,3,4,5,6,7|254,-1,null,choices=0,1,2,3,4,5,6,7:2;254,-1,null,choices=0,1,2,3,4,5,6,7|254,-1,null,choices=0,1,2,3,4,5,6,7|254,-1,null,choices=0,1,2,3,4,5,6,7:validation=True
palette3:5,2,255:5;255,-1,null,choices=0,1,2,3,4,5,6,7|255,-1,null,choices=0,1,2,3,4,5,6,7|255,-1,null,choices=0,1,2,3,4,5,6,7:2;255,-1,null,choices=0,1,2,3,4,5,6,7|255,-1,null,choices=0,1,2,3,4,5,6,7|255,-1,null,choices=0,1,2,3,4,5,6,7:2;255,-1,null,choices=0,1,2,3,4,5,6,7|255,-1,null,choices=0,1,2,3,4,5,6,7|255,-1,null,choices=0,1,2,3,4,5,6,7:validation=True
palette3:5,3,0:5;0,0,0,choices=0,1,2,3,4,5,6,7|0,0,0,choices=0,1,2,3,4,5,6,7|0,0,0,choices=0,1,2,3,4,5,6,7:3;0,0,0,choices=0,1,2,3,4,5,6,7|0,0,0,choices=0,1,2,3,4,5,6,7|0,0,0,choices=0,1,2,3,4,5,6,7:3;0,0,0,choices=0,1,2,3,4,5,6,7|0,0,0,choices=0,1,2,3,4,5,6,7|0,0,0,choices=0,1,2,3,4,5,6,7:validation=True
palette3:5,3,1:5;1,1,1,choices=0,1,2,3,4,5,6,7|1,1,1,choices=0,1,2,3,4,5,6,7|1,1,1,choices=0,1,2,3,4,5,6,7:3;1,1,1,choices=0,1,2,3,4,5,6,7|1,1,1,choices=0,1,2,3,4,5,6,7|1,1,1,choices=0,1,2,3,4,5,6,7:3;1,1,1,choices=0,1,2,3,4,5,6,7|1,1,1,choices=0,1,2,3,4,5,6,7|1,1,1,choices=0,1,2,3,4,5,6,7:validation=True
palette3:5,3,2:5;2,2,2,choices=0,1,2,3,4,5,6,7|2,2,2,choices=0,1,2,3,4,5,6,7|2,2,2,choices=0,1,2,3,4,5,6,7:3;2,2,2,choices=0,1,2,3,4,5,6,7|2,2,2,choices=0,1,2,3,4,5,6,7|2,2,2,choices=0,1,2,3,4,5,6,7:3;2,2,2,choices=0,1,2,3,4,5,6,7|2,2,2,choices=0,1,2,3,4,5,6,7|2,2,2,choices=0,1,2,3,4,5,6,7:validation=True
palette3:5,3,3:5;3,3,3,choices=0,1,2,3,4,5,6,7|3,3,3,choices=0,1,2,3,4,5,6,7|3,3,3,choices=0,1,2,3,4,5,6,7:3;3,3,3,choices=0,1,2,3,4,5,6,7|3,3,3,choices=0,1,2,3,4,5,6,7|3,3,3,choices=0,1,2,3,4,5,6,7:3;3,3,3,choices=0,1,2,3,4,5,6,7|3,3,3,choices=0,1,2,3,4,5,6,7|3,3,3,choices=0,1,2,3,4,5,6,7:validation=True
palette3:5,3,4:5;4,4,4,choices=0,1,2,3,4,5,6,7|4,4,4,choices=0,1,2,3,4,5,6,7|4,4,4,choices=0,1,2,3,4,5,6,7:3;4,4,4,choices=0,1,2,3,4,5,6,7|4,4,4,choices=0,1,2,3,4,5,6,7|4,4,4,choices=0,1,2,3,4,5,6,7:3;4,4,4,choices=0,1,2,3,4,5,6,7|4,4,4,choices=0,1,2,3,4,5,6,7|4,4,4,choices=0,1,2,3,4,5,6,7:validation=True
palette3:5,3,5:5;5,5,5,choices=0,1,2,3,4,5,6,7|5,5,5,choices=0,1,2,3,4,5,6,7|5,5,5,choices=0,1,2,3,4,5,6,7:3;5,5,5,choices=0,1,2,3,4,5,6,7|5,5,5,choices=0,1,2,3,4,5,6,7|5,5,5,choices=0,1,2,3,4,5,6,7:3;5,5,5,choices=0,1,2,3,4,5,6,7|5,5,5,choices=0,1,2,3,4,5,6,7|5,5,5,choices=0,1,2,3,4,5,6,7:validation=True
palette3:5,3,6:5;6,6,6,choices=0,1,2,3,4,5,6,7|6,6,6,choices=0,1,2,3,4,5,6,7|6,6,6,choices=0,1,2,3,4,5,6,7:3;6,6,6,choices=0,1,2,3,4,5,6,7|6,6,6,choices=0,1,2,3,4,5,6,7|6,6,6,choices=0,1,2,3,4,5,6,7:3;6,6,6,choices=0,1,2,3,4,5,6,7|6,6,6,choices=0,1,2,3,4,5,6,7|6,6,6,choices=0,1,2,3,4,5,6,7:validation=True
palette3:5,3,7:5;7,7,7,choices=0,1,2,3,4,5,6,7|7,7,7,choices=0,1,2,3,4,5,6,7|7,7,7,choices=0,1,2,3,4,5,6,7:3;7,7,7,choices=0,1,2,3,4,5,6,7|7,7,7,choices=0,1,2,3,4,5,6,7|7,7,7,choices=0,1,2,3,4,5,6,7:3;7,7,7,choices=0,1,2,3,4,5,6,7|7,7,7,choices=0,1,2,3,4,5,6,7|7,7,7,choices=0,1,2,3,4,5,6,7:validation=True
palette3:5,3,8:5;8,-1,null,choices=0,1,2,3,4,5,6,7|8,-1,null,choices=0,1,2,3,4,5,6,7|8,-1,null,choices=0,1,2,3,4,5,6,7:3;8,-1,null,choices=0,1,2,3,4,5,6,7|8,-1,null,choices=0,1,2,3,4,5,6,7|8,-1,null,choices=0,1,2,3,4,5,6,7:3;8,-1,null,choices=0,1,2,3,4,5,6,7|8,-1,null,choices=0,1,2,3,4,5,6,7|8,-1,null,choices=0,1,2,3,4,5,6,7:validation=True
palette3:5,3,9:5;9,-1,null,choices=0,1,2,3,4,5,6,7|9,-1,null,choices=0,1,2,3,4,5,6,7|9,-1,null,choices=0,1,2,3,4,5,6,7:3;9,-1,null,choices=0,1,2,3,4,5,6,7|9,-1,null,choices=0,1,2,3,4,5,6,7|9,-1,null,choices=0,1,2,3,4,5,6,7:3;9,-1,null,choices=0,1,2,3,4,5,6,7|9,-1,null,choices=0,1,2,3,4,5,6,7|9,-1,null,choices=0,1,2,3,4,5,6,7:validation=True
palette3:5,3,39:5;39,-1,null,choices=0,1,2,3,4,5,6,7|39,-1,null,choices=0,1,2,3,4,5,6,7|39,-1,null,choices=0,1,2,3,4,5,6,7:3;39,-1,null,choices=0,1,2,3,4,5,6,7|39,-1,null,choices=0,1,2,3,4,5,6,7|39,-1,null,choices=0,1,2,3,4,5,6,7:3;39,-1,null,choices=0,1,2,3,4,5,6,7|39,-1,null,choices=0,1,2,3,4,5,6,7|39,-1,null,choices=0,1,2,3,4,5,6,7:validation=True
palette3:5,3,254:5;254,-1,null,choices=0,1,2,3,4,5,6,7|254,-1,null,choices=0,1,2,3,4,5,6,7|254,-1,null,choices=0,1,2,3,4,5,6,7:3;254,-1,null,choices=0,1,2,3,4,5,6,7|254,-1,null,choices=0,1,2,3,4,5,6,7|254,-1,null,choices=0,1,2,3,4,5,6,7:3;254,-1,null,choices=0,1,2,3,4,5,6,7|254,-1,null,choices=0,1,2,3,4,5,6,7|254,-1,null,choices=0,1,2,3,4,5,6,7:validation=True
palette3:5,3,255:5;255,-1,null,choices=0,1,2,3,4,5,6,7|255,-1,null,choices=0,1,2,3,4,5,6,7|255,-1,null,choices=0,1,2,3,4,5,6,7:3;255,-1,null,choices=0,1,2,3,4,5,6,7|255,-1,null,choices=0,1,2,3,4,5,6,7|255,-1,null,choices=0,1,2,3,4,5,6,7:3;255,-1,null,choices=0,1,2,3,4,5,6,7|255,-1,null,choices=0,1,2,3,4,5,6,7|255,-1,null,choices=0,1,2,3,4,5,6,7:validation=True

capture:job-quick-palette-d23ce5a0-3
runtime:Microsoft Windows NT 6.2.9200.0:4.0.30319.42000:pointer-size=4
palette3:6,0,0:6;0,0,0,choices=0,1,2,3,4,5,6,7|0,0,0,choices=0,1,2,3,4,5,6,7|0,0,0,choices=0,1,2,3,4,5,6,7:0;0,0,0,choices=0,1,2,3,4,5,6,7,8|0,0,0,choices=0,1,2,3,4,5,6,7,8|0,0,0,choices=0,1,2,3,4,5,6,7,8:0;0,0,0,choices=0,1,2,3,4,5,6,7,8|0,0,0,choices=0,1,2,3,4,5,6,7,8|0,0,0,choices=0,1,2,3,4,5,6,7,8:validation=True
palette3:6,0,1:6;1,1,1,choices=0,1,2,3,4,5,6,7|1,1,1,choices=0,1,2,3,4,5,6,7|1,1,1,choices=0,1,2,3,4,5,6,7:0;1,1,1,choices=0,1,2,3,4,5,6,7,8|1,1,1,choices=0,1,2,3,4,5,6,7,8|1,1,1,choices=0,1,2,3,4,5,6,7,8:0;1,1,1,choices=0,1,2,3,4,5,6,7,8|1,1,1,choices=0,1,2,3,4,5,6,7,8|1,1,1,choices=0,1,2,3,4,5,6,7,8:validation=True
palette3:6,0,2:6;2,2,2,choices=0,1,2,3,4,5,6,7|2,2,2,choices=0,1,2,3,4,5,6,7|2,2,2,choices=0,1,2,3,4,5,6,7:0;2,2,2,choices=0,1,2,3,4,5,6,7,8|2,2,2,choices=0,1,2,3,4,5,6,7,8|2,2,2,choices=0,1,2,3,4,5,6,7,8:0;2,2,2,choices=0,1,2,3,4,5,6,7,8|2,2,2,choices=0,1,2,3,4,5,6,7,8|2,2,2,choices=0,1,2,3,4,5,6,7,8:validation=True
palette3:6,0,3:6;3,3,3,choices=0,1,2,3,4,5,6,7|3,3,3,choices=0,1,2,3,4,5,6,7|3,3,3,choices=0,1,2,3,4,5,6,7:0;3,3,3,choices=0,1,2,3,4,5,6,7,8|3,3,3,choices=0,1,2,3,4,5,6,7,8|3,3,3,choices=0,1,2,3,4,5,6,7,8:0;3,3,3,choices=0,1,2,3,4,5,6,7,8|3,3,3,choices=0,1,2,3,4,5,6,7,8|3,3,3,choices=0,1,2,3,4,5,6,7,8:validation=True
palette3:6,0,4:6;4,4,4,choices=0,1,2,3,4,5,6,7|4,4,4,choices=0,1,2,3,4,5,6,7|4,4,4,choices=0,1,2,3,4,5,6,7:0;4,4,4,choices=0,1,2,3,4,5,6,7,8|4,4,4,choices=0,1,2,3,4,5,6,7,8|4,4,4,choices=0,1,2,3,4,5,6,7,8:0;4,4,4,choices=0,1,2,3,4,5,6,7,8|4,4,4,choices=0,1,2,3,4,5,6,7,8|4,4,4,choices=0,1,2,3,4,5,6,7,8:validation=True
palette3:6,0,5:6;5,5,5,choices=0,1,2,3,4,5,6,7|5,5,5,choices=0,1,2,3,4,5,6,7|5,5,5,choices=0,1,2,3,4,5,6,7:0;5,5,5,choices=0,1,2,3,4,5,6,7,8|5,5,5,choices=0,1,2,3,4,5,6,7,8|5,5,5,choices=0,1,2,3,4,5,6,7,8:0;5,5,5,choices=0,1,2,3,4,5,6,7,8|5,5,5,choices=0,1,2,3,4,5,6,7,8|5,5,5,choices=0,1,2,3,4,5,6,7,8:validation=True
palette3:6,0,6:6;6,6,6,choices=0,1,2,3,4,5,6,7|6,6,6,choices=0,1,2,3,4,5,6,7|6,6,6,choices=0,1,2,3,4,5,6,7:0;6,6,6,choices=0,1,2,3,4,5,6,7,8|6,6,6,choices=0,1,2,3,4,5,6,7,8|6,6,6,choices=0,1,2,3,4,5,6,7,8:0;6,6,6,choices=0,1,2,3,4,5,6,7,8|6,6,6,choices=0,1,2,3,4,5,6,7,8|6,6,6,choices=0,1,2,3,4,5,6,7,8:validation=True
palette3:6,0,7:6;7,7,7,choices=0,1,2,3,4,5,6,7|7,7,7,choices=0,1,2,3,4,5,6,7|7,7,7,choices=0,1,2,3,4,5,6,7:0;7,7,7,choices=0,1,2,3,4,5,6,7,8|7,7,7,choices=0,1,2,3,4,5,6,7,8|7,7,7,choices=0,1,2,3,4,5,6,7,8:0;7,7,7,choices=0,1,2,3,4,5,6,7,8|7,7,7,choices=0,1,2,3,4,5,6,7,8|7,7,7,choices=0,1,2,3,4,5,6,7,8:validation=True
palette3:6,0,8:6;8,-1,null,choices=0,1,2,3,4,5,6,7|8,-1,null,choices=0,1,2,3,4,5,6,7|8,-1,null,choices=0,1,2,3,4,5,6,7:0;8,8,8,choices=0,1,2,3,4,5,6,7,8|8,8,8,choices=0,1,2,3,4,5,6,7,8|8,8,8,choices=0,1,2,3,4,5,6,7,8:0;8,8,8,choices=0,1,2,3,4,5,6,7,8|8,8,8,choices=0,1,2,3,4,5,6,7,8|8,8,8,choices=0,1,2,3,4,5,6,7,8:validation=True
palette3:6,0,9:6;9,-1,null,choices=0,1,2,3,4,5,6,7|9,-1,null,choices=0,1,2,3,4,5,6,7|9,-1,null,choices=0,1,2,3,4,5,6,7:0;9,-1,null,choices=0,1,2,3,4,5,6,7,8|9,-1,null,choices=0,1,2,3,4,5,6,7,8|9,-1,null,choices=0,1,2,3,4,5,6,7,8:0;9,-1,null,choices=0,1,2,3,4,5,6,7,8|9,-1,null,choices=0,1,2,3,4,5,6,7,8|9,-1,null,choices=0,1,2,3,4,5,6,7,8:validation=True
palette3:6,0,39:6;39,-1,null,choices=0,1,2,3,4,5,6,7|39,-1,null,choices=0,1,2,3,4,5,6,7|39,-1,null,choices=0,1,2,3,4,5,6,7:0;39,-1,null,choices=0,1,2,3,4,5,6,7,8|39,-1,null,choices=0,1,2,3,4,5,6,7,8|39,-1,null,choices=0,1,2,3,4,5,6,7,8:0;39,-1,null,choices=0,1,2,3,4,5,6,7,8|39,-1,null,choices=0,1,2,3,4,5,6,7,8|39,-1,null,choices=0,1,2,3,4,5,6,7,8:validation=True
palette3:6,0,254:6;254,-1,null,choices=0,1,2,3,4,5,6,7|254,-1,null,choices=0,1,2,3,4,5,6,7|254,-1,null,choices=0,1,2,3,4,5,6,7:0;254,-1,null,choices=0,1,2,3,4,5,6,7,8|254,-1,null,choices=0,1,2,3,4,5,6,7,8|254,-1,null,choices=0,1,2,3,4,5,6,7,8:0;254,-1,null,choices=0,1,2,3,4,5,6,7,8|254,-1,null,choices=0,1,2,3,4,5,6,7,8|254,-1,null,choices=0,1,2,3,4,5,6,7,8:validation=True
palette3:6,0,255:6;255,-1,null,choices=0,1,2,3,4,5,6,7|255,-1,null,choices=0,1,2,3,4,5,6,7|255,-1,null,choices=0,1,2,3,4,5,6,7:0;255,-1,null,choices=0,1,2,3,4,5,6,7,8|255,-1,null,choices=0,1,2,3,4,5,6,7,8|255,-1,null,choices=0,1,2,3,4,5,6,7,8:0;255,-1,null,choices=0,1,2,3,4,5,6,7,8|255,-1,null,choices=0,1,2,3,4,5,6,7,8|255,-1,null,choices=0,1,2,3,4,5,6,7,8:validation=True
palette3:6,1,0:6;0,0,0,choices=0,1,2,3,4,5,6,7|0,0,0,choices=0,1,2,3,4,5,6,7|0,0,0,choices=0,1,2,3,4,5,6,7:1;0,0,0,choices=0,1,2,3,4,5,6,7,8|0,0,0,choices=0,1,2,3,4,5,6,7,8|0,0,0,choices=0,1,2,3,4,5,6,7,8:1;0,0,0,choices=0,1,2,3,4,5,6,7,8|0,0,0,choices=0,1,2,3,4,5,6,7,8|0,0,0,choices=0,1,2,3,4,5,6,7,8:validation=True
palette3:6,1,1:6;1,1,1,choices=0,1,2,3,4,5,6,7|1,1,1,choices=0,1,2,3,4,5,6,7|1,1,1,choices=0,1,2,3,4,5,6,7:1;1,1,1,choices=0,1,2,3,4,5,6,7,8|1,1,1,choices=0,1,2,3,4,5,6,7,8|1,1,1,choices=0,1,2,3,4,5,6,7,8:1;1,1,1,choices=0,1,2,3,4,5,6,7,8|1,1,1,choices=0,1,2,3,4,5,6,7,8|1,1,1,choices=0,1,2,3,4,5,6,7,8:validation=True
palette3:6,1,2:6;2,2,2,choices=0,1,2,3,4,5,6,7|2,2,2,choices=0,1,2,3,4,5,6,7|2,2,2,choices=0,1,2,3,4,5,6,7:1;2,2,2,choices=0,1,2,3,4,5,6,7,8|2,2,2,choices=0,1,2,3,4,5,6,7,8|2,2,2,choices=0,1,2,3,4,5,6,7,8:1;2,2,2,choices=0,1,2,3,4,5,6,7,8|2,2,2,choices=0,1,2,3,4,5,6,7,8|2,2,2,choices=0,1,2,3,4,5,6,7,8:validation=True
palette3:6,1,3:6;3,3,3,choices=0,1,2,3,4,5,6,7|3,3,3,choices=0,1,2,3,4,5,6,7|3,3,3,choices=0,1,2,3,4,5,6,7:1;3,3,3,choices=0,1,2,3,4,5,6,7,8|3,3,3,choices=0,1,2,3,4,5,6,7,8|3,3,3,choices=0,1,2,3,4,5,6,7,8:1;3,3,3,choices=0,1,2,3,4,5,6,7,8|3,3,3,choices=0,1,2,3,4,5,6,7,8|3,3,3,choices=0,1,2,3,4,5,6,7,8:validation=True
palette3:6,1,4:6;4,4,4,choices=0,1,2,3,4,5,6,7|4,4,4,choices=0,1,2,3,4,5,6,7|4,4,4,choices=0,1,2,3,4,5,6,7:1;4,4,4,choices=0,1,2,3,4,5,6,7,8|4,4,4,choices=0,1,2,3,4,5,6,7,8|4,4,4,choices=0,1,2,3,4,5,6,7,8:1;4,4,4,choices=0,1,2,3,4,5,6,7,8|4,4,4,choices=0,1,2,3,4,5,6,7,8|4,4,4,choices=0,1,2,3,4,5,6,7,8:validation=True
palette3:6,1,5:6;5,5,5,choices=0,1,2,3,4,5,6,7|5,5,5,choices=0,1,2,3,4,5,6,7|5,5,5,choices=0,1,2,3,4,5,6,7:1;5,5,5,choices=0,1,2,3,4,5,6,7,8|5,5,5,choices=0,1,2,3,4,5,6,7,8|5,5,5,choices=0,1,2,3,4,5,6,7,8:1;5,5,5,choices=0,1,2,3,4,5,6,7,8|5,5,5,choices=0,1,2,3,4,5,6,7,8|5,5,5,choices=0,1,2,3,4,5,6,7,8:validation=True
palette3:6,1,6:6;6,6,6,choices=0,1,2,3,4,5,6,7|6,6,6,choices=0,1,2,3,4,5,6,7|6,6,6,choices=0,1,2,3,4,5,6,7:1;6,6,6,choices=0,1,2,3,4,5,6,7,8|6,6,6,choices=0,1,2,3,4,5,6,7,8|6,6,6,choices=0,1,2,3,4,5,6,7,8:1;6,6,6,choices=0,1,2,3,4,5,6,7,8|6,6,6,choices=0,1,2,3,4,5,6,7,8|6,6,6,choices=0,1,2,3,4,5,6,7,8:validation=True
palette3:6,1,7:6;7,7,7,choices=0,1,2,3,4,5,6,7|7,7,7,choices=0,1,2,3,4,5,6,7|7,7,7,choices=0,1,2,3,4,5,6,7:1;7,7,7,choices=0,1,2,3,4,5,6,7,8|7,7,7,choices=0,1,2,3,4,5,6,7,8|7,7,7,choices=0,1,2,3,4,5,6,7,8:1;7,7,7,choices=0,1,2,3,4,5,6,7,8|7,7,7,choices=0,1,2,3,4,5,6,7,8|7,7,7,choices=0,1,2,3,4,5,6,7,8:validation=True
palette3:6,1,8:6;8,-1,null,choices=0,1,2,3,4,5,6,7|8,-1,null,choices=0,1,2,3,4,5,6,7|8,-1,null,choices=0,1,2,3,4,5,6,7:1;8,8,8,choices=0,1,2,3,4,5,6,7,8|8,8,8,choices=0,1,2,3,4,5,6,7,8|8,8,8,choices=0,1,2,3,4,5,6,7,8:1;8,8,8,choices=0,1,2,3,4,5,6,7,8|8,8,8,choices=0,1,2,3,4,5,6,7,8|8,8,8,choices=0,1,2,3,4,5,6,7,8:validation=True
palette3:6,1,9:6;9,-1,null,choices=0,1,2,3,4,5,6,7|9,-1,null,choices=0,1,2,3,4,5,6,7|9,-1,null,choices=0,1,2,3,4,5,6,7:1;9,-1,null,choices=0,1,2,3,4,5,6,7,8|9,-1,null,choices=0,1,2,3,4,5,6,7,8|9,-1,null,choices=0,1,2,3,4,5,6,7,8:1;9,-1,null,choices=0,1,2,3,4,5,6,7,8|9,-1,null,choices=0,1,2,3,4,5,6,7,8|9,-1,null,choices=0,1,2,3,4,5,6,7,8:validation=True
palette3:6,1,39:6;39,-1,null,choices=0,1,2,3,4,5,6,7|39,-1,null,choices=0,1,2,3,4,5,6,7|39,-1,null,choices=0,1,2,3,4,5,6,7:1;39,-1,null,choices=0,1,2,3,4,5,6,7,8|39,-1,null,choices=0,1,2,3,4,5,6,7,8|39,-1,null,choices=0,1,2,3,4,5,6,7,8:1;39,-1,null,choices=0,1,2,3,4,5,6,7,8|39,-1,null,choices=0,1,2,3,4,5,6,7,8|39,-1,null,choices=0,1,2,3,4,5,6,7,8:validation=True
palette3:6,1,254:6;254,-1,null,choices=0,1,2,3,4,5,6,7|254,-1,null,choices=0,1,2,3,4,5,6,7|254,-1,null,choices=0,1,2,3,4,5,6,7:1;254,-1,null,choices=0,1,2,3,4,5,6,7,8|254,-1,null,choices=0,1,2,3,4,5,6,7,8|254,-1,null,choices=0,1,2,3,4,5,6,7,8:1;254,-1,null,choices=0,1,2,3,4,5,6,7,8|254,-1,null,choices=0,1,2,3,4,5,6,7,8|254,-1,null,choices=0,1,2,3,4,5,6,7,8:validation=True
palette3:6,1,255:6;255,-1,null,choices=0,1,2,3,4,5,6,7|255,-1,null,choices=0,1,2,3,4,5,6,7|255,-1,null,choices=0,1,2,3,4,5,6,7:1;255,-1,null,choices=0,1,2,3,4,5,6,7,8|255,-1,null,choices=0,1,2,3,4,5,6,7,8|255,-1,null,choices=0,1,2,3,4,5,6,7,8:1;255,-1,null,choices=0,1,2,3,4,5,6,7,8|255,-1,null,choices=0,1,2,3,4,5,6,7,8|255,-1,null,choices=0,1,2,3,4,5,6,7,8:validation=True
palette3:6,2,0:6;0,0,0,choices=0,1,2,3,4,5,6,7|0,0,0,choices=0,1,2,3,4,5,6,7|0,0,0,choices=0,1,2,3,4,5,6,7:2;0,0,0,choices=0,1,2,3,4,5,6,7|0,0,0,choices=0,1,2,3,4,5,6,7|0,0,0,choices=0,1,2,3,4,5,6,7:2;0,0,0,choices=0,1,2,3,4,5,6,7|0,0,0,choices=0,1,2,3,4,5,6,7|0,0,0,choices=0,1,2,3,4,5,6,7:validation=True
palette3:6,2,1:6;1,1,1,choices=0,1,2,3,4,5,6,7|1,1,1,choices=0,1,2,3,4,5,6,7|1,1,1,choices=0,1,2,3,4,5,6,7:2;1,1,1,choices=0,1,2,3,4,5,6,7|1,1,1,choices=0,1,2,3,4,5,6,7|1,1,1,choices=0,1,2,3,4,5,6,7:2;1,1,1,choices=0,1,2,3,4,5,6,7|1,1,1,choices=0,1,2,3,4,5,6,7|1,1,1,choices=0,1,2,3,4,5,6,7:validation=True
palette3:6,2,2:6;2,2,2,choices=0,1,2,3,4,5,6,7|2,2,2,choices=0,1,2,3,4,5,6,7|2,2,2,choices=0,1,2,3,4,5,6,7:2;2,2,2,choices=0,1,2,3,4,5,6,7|2,2,2,choices=0,1,2,3,4,5,6,7|2,2,2,choices=0,1,2,3,4,5,6,7:2;2,2,2,choices=0,1,2,3,4,5,6,7|2,2,2,choices=0,1,2,3,4,5,6,7|2,2,2,choices=0,1,2,3,4,5,6,7:validation=True
palette3:6,2,3:6;3,3,3,choices=0,1,2,3,4,5,6,7|3,3,3,choices=0,1,2,3,4,5,6,7|3,3,3,choices=0,1,2,3,4,5,6,7:2;3,3,3,choices=0,1,2,3,4,5,6,7|3,3,3,choices=0,1,2,3,4,5,6,7|3,3,3,choices=0,1,2,3,4,5,6,7:2;3,3,3,choices=0,1,2,3,4,5,6,7|3,3,3,choices=0,1,2,3,4,5,6,7|3,3,3,choices=0,1,2,3,4,5,6,7:validation=True
palette3:6,2,4:6;4,4,4,choices=0,1,2,3,4,5,6,7|4,4,4,choices=0,1,2,3,4,5,6,7|4,4,4,choices=0,1,2,3,4,5,6,7:2;4,4,4,choices=0,1,2,3,4,5,6,7|4,4,4,choices=0,1,2,3,4,5,6,7|4,4,4,choices=0,1,2,3,4,5,6,7:2;4,4,4,choices=0,1,2,3,4,5,6,7|4,4,4,choices=0,1,2,3,4,5,6,7|4,4,4,choices=0,1,2,3,4,5,6,7:validation=True
palette3:6,2,5:6;5,5,5,choices=0,1,2,3,4,5,6,7|5,5,5,choices=0,1,2,3,4,5,6,7|5,5,5,choices=0,1,2,3,4,5,6,7:2;5,5,5,choices=0,1,2,3,4,5,6,7|5,5,5,choices=0,1,2,3,4,5,6,7|5,5,5,choices=0,1,2,3,4,5,6,7:2;5,5,5,choices=0,1,2,3,4,5,6,7|5,5,5,choices=0,1,2,3,4,5,6,7|5,5,5,choices=0,1,2,3,4,5,6,7:validation=True
palette3:6,2,6:6;6,6,6,choices=0,1,2,3,4,5,6,7|6,6,6,choices=0,1,2,3,4,5,6,7|6,6,6,choices=0,1,2,3,4,5,6,7:2;6,6,6,choices=0,1,2,3,4,5,6,7|6,6,6,choices=0,1,2,3,4,5,6,7|6,6,6,choices=0,1,2,3,4,5,6,7:2;6,6,6,choices=0,1,2,3,4,5,6,7|6,6,6,choices=0,1,2,3,4,5,6,7|6,6,6,choices=0,1,2,3,4,5,6,7:validation=True
palette3:6,2,7:6;7,7,7,choices=0,1,2,3,4,5,6,7|7,7,7,choices=0,1,2,3,4,5,6,7|7,7,7,choices=0,1,2,3,4,5,6,7:2;7,7,7,choices=0,1,2,3,4,5,6,7|7,7,7,choices=0,1,2,3,4,5,6,7|7,7,7,choices=0,1,2,3,4,5,6,7:2;7,7,7,choices=0,1,2,3,4,5,6,7|7,7,7,choices=0,1,2,3,4,5,6,7|7,7,7,choices=0,1,2,3,4,5,6,7:validation=True
palette3:6,2,8:6;8,-1,null,choices=0,1,2,3,4,5,6,7|8,-1,null,choices=0,1,2,3,4,5,6,7|8,-1,null,choices=0,1,2,3,4,5,6,7:2;8,-1,null,choices=0,1,2,3,4,5,6,7|8,-1,null,choices=0,1,2,3,4,5,6,7|8,-1,null,choices=0,1,2,3,4,5,6,7:2;8,-1,null,choices=0,1,2,3,4,5,6,7|8,-1,null,choices=0,1,2,3,4,5,6,7|8,-1,null,choices=0,1,2,3,4,5,6,7:validation=True
palette3:6,2,9:6;9,-1,null,choices=0,1,2,3,4,5,6,7|9,-1,null,choices=0,1,2,3,4,5,6,7|9,-1,null,choices=0,1,2,3,4,5,6,7:2;9,-1,null,choices=0,1,2,3,4,5,6,7|9,-1,null,choices=0,1,2,3,4,5,6,7|9,-1,null,choices=0,1,2,3,4,5,6,7:2;9,-1,null,choices=0,1,2,3,4,5,6,7|9,-1,null,choices=0,1,2,3,4,5,6,7|9,-1,null,choices=0,1,2,3,4,5,6,7:validation=True
palette3:6,2,39:6;39,-1,null,choices=0,1,2,3,4,5,6,7|39,-1,null,choices=0,1,2,3,4,5,6,7|39,-1,null,choices=0,1,2,3,4,5,6,7:2;39,-1,null,choices=0,1,2,3,4,5,6,7|39,-1,null,choices=0,1,2,3,4,5,6,7|39,-1,null,choices=0,1,2,3,4,5,6,7:2;39,-1,null,choices=0,1,2,3,4,5,6,7|39,-1,null,choices=0,1,2,3,4,5,6,7|39,-1,null,choices=0,1,2,3,4,5,6,7:validation=True
palette3:6,2,254:6;254,-1,null,choices=0,1,2,3,4,5,6,7|254,-1,null,choices=0,1,2,3,4,5,6,7|254,-1,null,choices=0,1,2,3,4,5,6,7:2;254,-1,null,choices=0,1,2,3,4,5,6,7|254,-1,null,choices=0,1,2,3,4,5,6,7|254,-1,null,choices=0,1,2,3,4,5,6,7:2;254,-1,null,choices=0,1,2,3,4,5,6,7|254,-1,null,choices=0,1,2,3,4,5,6,7|254,-1,null,choices=0,1,2,3,4,5,6,7:validation=True
palette3:6,2,255:6;255,-1,null,choices=0,1,2,3,4,5,6,7|255,-1,null,choices=0,1,2,3,4,5,6,7|255,-1,null,choices=0,1,2,3,4,5,6,7:2;255,-1,null,choices=0,1,2,3,4,5,6,7|255,-1,null,choices=0,1,2,3,4,5,6,7|255,-1,null,choices=0,1,2,3,4,5,6,7:2;255,-1,null,choices=0,1,2,3,4,5,6,7|255,-1,null,choices=0,1,2,3,4,5,6,7|255,-1,null,choices=0,1,2,3,4,5,6,7:validation=True
palette3:6,3,0:6;0,0,0,choices=0,1,2,3,4,5,6,7|0,0,0,choices=0,1,2,3,4,5,6,7|0,0,0,choices=0,1,2,3,4,5,6,7:3;0,0,0,choices=0,1,2,3,4,5,6,7|0,0,0,choices=0,1,2,3,4,5,6,7|0,0,0,choices=0,1,2,3,4,5,6,7:3;0,0,0,choices=0,1,2,3,4,5,6,7|0,0,0,choices=0,1,2,3,4,5,6,7|0,0,0,choices=0,1,2,3,4,5,6,7:validation=True
palette3:6,3,1:6;1,1,1,choices=0,1,2,3,4,5,6,7|1,1,1,choices=0,1,2,3,4,5,6,7|1,1,1,choices=0,1,2,3,4,5,6,7:3;1,1,1,choices=0,1,2,3,4,5,6,7|1,1,1,choices=0,1,2,3,4,5,6,7|1,1,1,choices=0,1,2,3,4,5,6,7:3;1,1,1,choices=0,1,2,3,4,5,6,7|1,1,1,choices=0,1,2,3,4,5,6,7|1,1,1,choices=0,1,2,3,4,5,6,7:validation=True
palette3:6,3,2:6;2,2,2,choices=0,1,2,3,4,5,6,7|2,2,2,choices=0,1,2,3,4,5,6,7|2,2,2,choices=0,1,2,3,4,5,6,7:3;2,2,2,choices=0,1,2,3,4,5,6,7|2,2,2,choices=0,1,2,3,4,5,6,7|2,2,2,choices=0,1,2,3,4,5,6,7:3;2,2,2,choices=0,1,2,3,4,5,6,7|2,2,2,choices=0,1,2,3,4,5,6,7|2,2,2,choices=0,1,2,3,4,5,6,7:validation=True
palette3:6,3,3:6;3,3,3,choices=0,1,2,3,4,5,6,7|3,3,3,choices=0,1,2,3,4,5,6,7|3,3,3,choices=0,1,2,3,4,5,6,7:3;3,3,3,choices=0,1,2,3,4,5,6,7|3,3,3,choices=0,1,2,3,4,5,6,7|3,3,3,choices=0,1,2,3,4,5,6,7:3;3,3,3,choices=0,1,2,3,4,5,6,7|3,3,3,choices=0,1,2,3,4,5,6,7|3,3,3,choices=0,1,2,3,4,5,6,7:validation=True
palette3:6,3,4:6;4,4,4,choices=0,1,2,3,4,5,6,7|4,4,4,choices=0,1,2,3,4,5,6,7|4,4,4,choices=0,1,2,3,4,5,6,7:3;4,4,4,choices=0,1,2,3,4,5,6,7|4,4,4,choices=0,1,2,3,4,5,6,7|4,4,4,choices=0,1,2,3,4,5,6,7:3;4,4,4,choices=0,1,2,3,4,5,6,7|4,4,4,choices=0,1,2,3,4,5,6,7|4,4,4,choices=0,1,2,3,4,5,6,7:validation=True
palette3:6,3,5:6;5,5,5,choices=0,1,2,3,4,5,6,7|5,5,5,choices=0,1,2,3,4,5,6,7|5,5,5,choices=0,1,2,3,4,5,6,7:3;5,5,5,choices=0,1,2,3,4,5,6,7|5,5,5,choices=0,1,2,3,4,5,6,7|5,5,5,choices=0,1,2,3,4,5,6,7:3;5,5,5,choices=0,1,2,3,4,5,6,7|5,5,5,choices=0,1,2,3,4,5,6,7|5,5,5,choices=0,1,2,3,4,5,6,7:validation=True
palette3:6,3,6:6;6,6,6,choices=0,1,2,3,4,5,6,7|6,6,6,choices=0,1,2,3,4,5,6,7|6,6,6,choices=0,1,2,3,4,5,6,7:3;6,6,6,choices=0,1,2,3,4,5,6,7|6,6,6,choices=0,1,2,3,4,5,6,7|6,6,6,choices=0,1,2,3,4,5,6,7:3;6,6,6,choices=0,1,2,3,4,5,6,7|6,6,6,choices=0,1,2,3,4,5,6,7|6,6,6,choices=0,1,2,3,4,5,6,7:validation=True
palette3:6,3,7:6;7,7,7,choices=0,1,2,3,4,5,6,7|7,7,7,choices=0,1,2,3,4,5,6,7|7,7,7,choices=0,1,2,3,4,5,6,7:3;7,7,7,choices=0,1,2,3,4,5,6,7|7,7,7,choices=0,1,2,3,4,5,6,7|7,7,7,choices=0,1,2,3,4,5,6,7:3;7,7,7,choices=0,1,2,3,4,5,6,7|7,7,7,choices=0,1,2,3,4,5,6,7|7,7,7,choices=0,1,2,3,4,5,6,7:validation=True
palette3:6,3,8:6;8,-1,null,choices=0,1,2,3,4,5,6,7|8,-1,null,choices=0,1,2,3,4,5,6,7|8,-1,null,choices=0,1,2,3,4,5,6,7:3;8,-1,null,choices=0,1,2,3,4,5,6,7|8,-1,null,choices=0,1,2,3,4,5,6,7|8,-1,null,choices=0,1,2,3,4,5,6,7:3;8,-1,null,choices=0,1,2,3,4,5,6,7|8,-1,null,choices=0,1,2,3,4,5,6,7|8,-1,null,choices=0,1,2,3,4,5,6,7:validation=True
palette3:6,3,9:6;9,-1,null,choices=0,1,2,3,4,5,6,7|9,-1,null,choices=0,1,2,3,4,5,6,7|9,-1,null,choices=0,1,2,3,4,5,6,7:3;9,-1,null,choices=0,1,2,3,4,5,6,7|9,-1,null,choices=0,1,2,3,4,5,6,7|9,-1,null,choices=0,1,2,3,4,5,6,7:3;9,-1,null,choices=0,1,2,3,4,5,6,7|9,-1,null,choices=0,1,2,3,4,5,6,7|9,-1,null,choices=0,1,2,3,4,5,6,7:validation=True
palette3:6,3,39:6;39,-1,null,choices=0,1,2,3,4,5,6,7|39,-1,null,choices=0,1,2,3,4,5,6,7|39,-1,null,choices=0,1,2,3,4,5,6,7:3;39,-1,null,choices=0,1,2,3,4,5,6,7|39,-1,null,choices=0,1,2,3,4,5,6,7|39,-1,null,choices=0,1,2,3,4,5,6,7:3;39,-1,null,choices=0,1,2,3,4,5,6,7|39,-1,null,choices=0,1,2,3,4,5,6,7|39,-1,null,choices=0,1,2,3,4,5,6,7:validation=True
palette3:6,3,254:6;254,-1,null,choices=0,1,2,3,4,5,6,7|254,-1,null,choices=0,1,2,3,4,5,6,7|254,-1,null,choices=0,1,2,3,4,5,6,7:3;254,-1,null,choices=0,1,2,3,4,5,6,7|254,-1,null,choices=0,1,2,3,4,5,6,7|254,-1,null,choices=0,1,2,3,4,5,6,7:3;254,-1,null,choices=0,1,2,3,4,5,6,7|254,-1,null,choices=0,1,2,3,4,5,6,7|254,-1,null,choices=0,1,2,3,4,5,6,7:validation=True
palette3:6,3,255:6;255,-1,null,choices=0,1,2,3,4,5,6,7|255,-1,null,choices=0,1,2,3,4,5,6,7|255,-1,null,choices=0,1,2,3,4,5,6,7:3;255,-1,null,choices=0,1,2,3,4,5,6,7|255,-1,null,choices=0,1,2,3,4,5,6,7|255,-1,null,choices=0,1,2,3,4,5,6,7:3;255,-1,null,choices=0,1,2,3,4,5,6,7|255,-1,null,choices=0,1,2,3,4,5,6,7|255,-1,null,choices=0,1,2,3,4,5,6,7:validation=True
palette3:7,0,0:7;0,0,0,choices=0,1,2,3,4,5,6,7|0,0,0,choices=0,1,2,3,4,5,6,7|0,0,0,choices=0,1,2,3,4,5,6,7:0;0,0,0,choices=0,1,2,3,4,5,6,7,8|0,0,0,choices=0,1,2,3,4,5,6,7,8|0,0,0,choices=0,1,2,3,4,5,6,7,8:0;0,0,0,choices=0,1,2,3,4,5,6,7,8|0,0,0,choices=0,1,2,3,4,5,6,7,8|0,0,0,choices=0,1,2,3,4,5,6,7,8:validation=True
palette3:7,0,1:7;1,1,1,choices=0,1,2,3,4,5,6,7|1,1,1,choices=0,1,2,3,4,5,6,7|1,1,1,choices=0,1,2,3,4,5,6,7:0;1,1,1,choices=0,1,2,3,4,5,6,7,8|1,1,1,choices=0,1,2,3,4,5,6,7,8|1,1,1,choices=0,1,2,3,4,5,6,7,8:0;1,1,1,choices=0,1,2,3,4,5,6,7,8|1,1,1,choices=0,1,2,3,4,5,6,7,8|1,1,1,choices=0,1,2,3,4,5,6,7,8:validation=True
palette3:7,0,2:7;2,2,2,choices=0,1,2,3,4,5,6,7|2,2,2,choices=0,1,2,3,4,5,6,7|2,2,2,choices=0,1,2,3,4,5,6,7:0;2,2,2,choices=0,1,2,3,4,5,6,7,8|2,2,2,choices=0,1,2,3,4,5,6,7,8|2,2,2,choices=0,1,2,3,4,5,6,7,8:0;2,2,2,choices=0,1,2,3,4,5,6,7,8|2,2,2,choices=0,1,2,3,4,5,6,7,8|2,2,2,choices=0,1,2,3,4,5,6,7,8:validation=True
palette3:7,0,3:7;3,3,3,choices=0,1,2,3,4,5,6,7|3,3,3,choices=0,1,2,3,4,5,6,7|3,3,3,choices=0,1,2,3,4,5,6,7:0;3,3,3,choices=0,1,2,3,4,5,6,7,8|3,3,3,choices=0,1,2,3,4,5,6,7,8|3,3,3,choices=0,1,2,3,4,5,6,7,8:0;3,3,3,choices=0,1,2,3,4,5,6,7,8|3,3,3,choices=0,1,2,3,4,5,6,7,8|3,3,3,choices=0,1,2,3,4,5,6,7,8:validation=True
palette3:7,0,4:7;4,4,4,choices=0,1,2,3,4,5,6,7|4,4,4,choices=0,1,2,3,4,5,6,7|4,4,4,choices=0,1,2,3,4,5,6,7:0;4,4,4,choices=0,1,2,3,4,5,6,7,8|4,4,4,choices=0,1,2,3,4,5,6,7,8|4,4,4,choices=0,1,2,3,4,5,6,7,8:0;4,4,4,choices=0,1,2,3,4,5,6,7,8|4,4,4,choices=0,1,2,3,4,5,6,7,8|4,4,4,choices=0,1,2,3,4,5,6,7,8:validation=True
palette3:7,0,5:7;5,5,5,choices=0,1,2,3,4,5,6,7|5,5,5,choices=0,1,2,3,4,5,6,7|5,5,5,choices=0,1,2,3,4,5,6,7:0;5,5,5,choices=0,1,2,3,4,5,6,7,8|5,5,5,choices=0,1,2,3,4,5,6,7,8|5,5,5,choices=0,1,2,3,4,5,6,7,8:0;5,5,5,choices=0,1,2,3,4,5,6,7,8|5,5,5,choices=0,1,2,3,4,5,6,7,8|5,5,5,choices=0,1,2,3,4,5,6,7,8:validation=True
palette3:7,0,6:7;6,6,6,choices=0,1,2,3,4,5,6,7|6,6,6,choices=0,1,2,3,4,5,6,7|6,6,6,choices=0,1,2,3,4,5,6,7:0;6,6,6,choices=0,1,2,3,4,5,6,7,8|6,6,6,choices=0,1,2,3,4,5,6,7,8|6,6,6,choices=0,1,2,3,4,5,6,7,8:0;6,6,6,choices=0,1,2,3,4,5,6,7,8|6,6,6,choices=0,1,2,3,4,5,6,7,8|6,6,6,choices=0,1,2,3,4,5,6,7,8:validation=True
palette3:7,0,7:7;7,7,7,choices=0,1,2,3,4,5,6,7|7,7,7,choices=0,1,2,3,4,5,6,7|7,7,7,choices=0,1,2,3,4,5,6,7:0;7,7,7,choices=0,1,2,3,4,5,6,7,8|7,7,7,choices=0,1,2,3,4,5,6,7,8|7,7,7,choices=0,1,2,3,4,5,6,7,8:0;7,7,7,choices=0,1,2,3,4,5,6,7,8|7,7,7,choices=0,1,2,3,4,5,6,7,8|7,7,7,choices=0,1,2,3,4,5,6,7,8:validation=True
palette3:7,0,8:7;8,-1,null,choices=0,1,2,3,4,5,6,7|8,-1,null,choices=0,1,2,3,4,5,6,7|8,-1,null,choices=0,1,2,3,4,5,6,7:0;8,8,8,choices=0,1,2,3,4,5,6,7,8|8,8,8,choices=0,1,2,3,4,5,6,7,8|8,8,8,choices=0,1,2,3,4,5,6,7,8:0;8,8,8,choices=0,1,2,3,4,5,6,7,8|8,8,8,choices=0,1,2,3,4,5,6,7,8|8,8,8,choices=0,1,2,3,4,5,6,7,8:validation=True
palette3:7,0,9:7;9,-1,null,choices=0,1,2,3,4,5,6,7|9,-1,null,choices=0,1,2,3,4,5,6,7|9,-1,null,choices=0,1,2,3,4,5,6,7:0;9,-1,null,choices=0,1,2,3,4,5,6,7,8|9,-1,null,choices=0,1,2,3,4,5,6,7,8|9,-1,null,choices=0,1,2,3,4,5,6,7,8:0;9,-1,null,choices=0,1,2,3,4,5,6,7,8|9,-1,null,choices=0,1,2,3,4,5,6,7,8|9,-1,null,choices=0,1,2,3,4,5,6,7,8:validation=True
palette3:7,0,39:7;39,-1,null,choices=0,1,2,3,4,5,6,7|39,-1,null,choices=0,1,2,3,4,5,6,7|39,-1,null,choices=0,1,2,3,4,5,6,7:0;39,-1,null,choices=0,1,2,3,4,5,6,7,8|39,-1,null,choices=0,1,2,3,4,5,6,7,8|39,-1,null,choices=0,1,2,3,4,5,6,7,8:0;39,-1,null,choices=0,1,2,3,4,5,6,7,8|39,-1,null,choices=0,1,2,3,4,5,6,7,8|39,-1,null,choices=0,1,2,3,4,5,6,7,8:validation=True
palette3:7,0,254:7;254,-1,null,choices=0,1,2,3,4,5,6,7|254,-1,null,choices=0,1,2,3,4,5,6,7|254,-1,null,choices=0,1,2,3,4,5,6,7:0;254,-1,null,choices=0,1,2,3,4,5,6,7,8|254,-1,null,choices=0,1,2,3,4,5,6,7,8|254,-1,null,choices=0,1,2,3,4,5,6,7,8:0;254,-1,null,choices=0,1,2,3,4,5,6,7,8|254,-1,null,choices=0,1,2,3,4,5,6,7,8|254,-1,null,choices=0,1,2,3,4,5,6,7,8:validation=True
palette3:7,0,255:7;255,-1,null,choices=0,1,2,3,4,5,6,7|255,-1,null,choices=0,1,2,3,4,5,6,7|255,-1,null,choices=0,1,2,3,4,5,6,7:0;255,-1,null,choices=0,1,2,3,4,5,6,7,8|255,-1,null,choices=0,1,2,3,4,5,6,7,8|255,-1,null,choices=0,1,2,3,4,5,6,7,8:0;255,-1,null,choices=0,1,2,3,4,5,6,7,8|255,-1,null,choices=0,1,2,3,4,5,6,7,8|255,-1,null,choices=0,1,2,3,4,5,6,7,8:validation=True
palette3:7,1,0:7;0,0,0,choices=0,1,2,3,4,5,6,7|0,0,0,choices=0,1,2,3,4,5,6,7|0,0,0,choices=0,1,2,3,4,5,6,7:1;0,0,0,choices=0,1,2,3,4,5,6,7,8|0,0,0,choices=0,1,2,3,4,5,6,7,8|0,0,0,choices=0,1,2,3,4,5,6,7,8:1;0,0,0,choices=0,1,2,3,4,5,6,7,8|0,0,0,choices=0,1,2,3,4,5,6,7,8|0,0,0,choices=0,1,2,3,4,5,6,7,8:validation=True
palette3:7,1,1:7;1,1,1,choices=0,1,2,3,4,5,6,7|1,1,1,choices=0,1,2,3,4,5,6,7|1,1,1,choices=0,1,2,3,4,5,6,7:1;1,1,1,choices=0,1,2,3,4,5,6,7,8|1,1,1,choices=0,1,2,3,4,5,6,7,8|1,1,1,choices=0,1,2,3,4,5,6,7,8:1;1,1,1,choices=0,1,2,3,4,5,6,7,8|1,1,1,choices=0,1,2,3,4,5,6,7,8|1,1,1,choices=0,1,2,3,4,5,6,7,8:validation=True
palette3:7,1,2:7;2,2,2,choices=0,1,2,3,4,5,6,7|2,2,2,choices=0,1,2,3,4,5,6,7|2,2,2,choices=0,1,2,3,4,5,6,7:1;2,2,2,choices=0,1,2,3,4,5,6,7,8|2,2,2,choices=0,1,2,3,4,5,6,7,8|2,2,2,choices=0,1,2,3,4,5,6,7,8:1;2,2,2,choices=0,1,2,3,4,5,6,7,8|2,2,2,choices=0,1,2,3,4,5,6,7,8|2,2,2,choices=0,1,2,3,4,5,6,7,8:validation=True
palette3:7,1,3:7;3,3,3,choices=0,1,2,3,4,5,6,7|3,3,3,choices=0,1,2,3,4,5,6,7|3,3,3,choices=0,1,2,3,4,5,6,7:1;3,3,3,choices=0,1,2,3,4,5,6,7,8|3,3,3,choices=0,1,2,3,4,5,6,7,8|3,3,3,choices=0,1,2,3,4,5,6,7,8:1;3,3,3,choices=0,1,2,3,4,5,6,7,8|3,3,3,choices=0,1,2,3,4,5,6,7,8|3,3,3,choices=0,1,2,3,4,5,6,7,8:validation=True
palette3:7,1,4:7;4,4,4,choices=0,1,2,3,4,5,6,7|4,4,4,choices=0,1,2,3,4,5,6,7|4,4,4,choices=0,1,2,3,4,5,6,7:1;4,4,4,choices=0,1,2,3,4,5,6,7,8|4,4,4,choices=0,1,2,3,4,5,6,7,8|4,4,4,choices=0,1,2,3,4,5,6,7,8:1;4,4,4,choices=0,1,2,3,4,5,6,7,8|4,4,4,choices=0,1,2,3,4,5,6,7,8|4,4,4,choices=0,1,2,3,4,5,6,7,8:validation=True
palette3:7,1,5:7;5,5,5,choices=0,1,2,3,4,5,6,7|5,5,5,choices=0,1,2,3,4,5,6,7|5,5,5,choices=0,1,2,3,4,5,6,7:1;5,5,5,choices=0,1,2,3,4,5,6,7,8|5,5,5,choices=0,1,2,3,4,5,6,7,8|5,5,5,choices=0,1,2,3,4,5,6,7,8:1;5,5,5,choices=0,1,2,3,4,5,6,7,8|5,5,5,choices=0,1,2,3,4,5,6,7,8|5,5,5,choices=0,1,2,3,4,5,6,7,8:validation=True
palette3:7,1,6:7;6,6,6,choices=0,1,2,3,4,5,6,7|6,6,6,choices=0,1,2,3,4,5,6,7|6,6,6,choices=0,1,2,3,4,5,6,7:1;6,6,6,choices=0,1,2,3,4,5,6,7,8|6,6,6,choices=0,1,2,3,4,5,6,7,8|6,6,6,choices=0,1,2,3,4,5,6,7,8:1;6,6,6,choices=0,1,2,3,4,5,6,7,8|6,6,6,choices=0,1,2,3,4,5,6,7,8|6,6,6,choices=0,1,2,3,4,5,6,7,8:validation=True
palette3:7,1,7:7;7,7,7,choices=0,1,2,3,4,5,6,7|7,7,7,choices=0,1,2,3,4,5,6,7|7,7,7,choices=0,1,2,3,4,5,6,7:1;7,7,7,choices=0,1,2,3,4,5,6,7,8|7,7,7,choices=0,1,2,3,4,5,6,7,8|7,7,7,choices=0,1,2,3,4,5,6,7,8:1;7,7,7,choices=0,1,2,3,4,5,6,7,8|7,7,7,choices=0,1,2,3,4,5,6,7,8|7,7,7,choices=0,1,2,3,4,5,6,7,8:validation=True
palette3:7,1,8:7;8,-1,null,choices=0,1,2,3,4,5,6,7|8,-1,null,choices=0,1,2,3,4,5,6,7|8,-1,null,choices=0,1,2,3,4,5,6,7:1;8,8,8,choices=0,1,2,3,4,5,6,7,8|8,8,8,choices=0,1,2,3,4,5,6,7,8|8,8,8,choices=0,1,2,3,4,5,6,7,8:1;8,8,8,choices=0,1,2,3,4,5,6,7,8|8,8,8,choices=0,1,2,3,4,5,6,7,8|8,8,8,choices=0,1,2,3,4,5,6,7,8:validation=True
palette3:7,1,9:7;9,-1,null,choices=0,1,2,3,4,5,6,7|9,-1,null,choices=0,1,2,3,4,5,6,7|9,-1,null,choices=0,1,2,3,4,5,6,7:1;9,-1,null,choices=0,1,2,3,4,5,6,7,8|9,-1,null,choices=0,1,2,3,4,5,6,7,8|9,-1,null,choices=0,1,2,3,4,5,6,7,8:1;9,-1,null,choices=0,1,2,3,4,5,6,7,8|9,-1,null,choices=0,1,2,3,4,5,6,7,8|9,-1,null,choices=0,1,2,3,4,5,6,7,8:validation=True
palette3:7,1,39:7;39,-1,null,choices=0,1,2,3,4,5,6,7|39,-1,null,choices=0,1,2,3,4,5,6,7|39,-1,null,choices=0,1,2,3,4,5,6,7:1;39,-1,null,choices=0,1,2,3,4,5,6,7,8|39,-1,null,choices=0,1,2,3,4,5,6,7,8|39,-1,null,choices=0,1,2,3,4,5,6,7,8:1;39,-1,null,choices=0,1,2,3,4,5,6,7,8|39,-1,null,choices=0,1,2,3,4,5,6,7,8|39,-1,null,choices=0,1,2,3,4,5,6,7,8:validation=True
palette3:7,1,254:7;254,-1,null,choices=0,1,2,3,4,5,6,7|254,-1,null,choices=0,1,2,3,4,5,6,7|254,-1,null,choices=0,1,2,3,4,5,6,7:1;254,-1,null,choices=0,1,2,3,4,5,6,7,8|254,-1,null,choices=0,1,2,3,4,5,6,7,8|254,-1,null,choices=0,1,2,3,4,5,6,7,8:1;254,-1,null,choices=0,1,2,3,4,5,6,7,8|254,-1,null,choices=0,1,2,3,4,5,6,7,8|254,-1,null,choices=0,1,2,3,4,5,6,7,8:validation=True
palette3:7,1,255:7;255,-1,null,choices=0,1,2,3,4,5,6,7|255,-1,null,choices=0,1,2,3,4,5,6,7|255,-1,null,choices=0,1,2,3,4,5,6,7:1;255,-1,null,choices=0,1,2,3,4,5,6,7,8|255,-1,null,choices=0,1,2,3,4,5,6,7,8|255,-1,null,choices=0,1,2,3,4,5,6,7,8:1;255,-1,null,choices=0,1,2,3,4,5,6,7,8|255,-1,null,choices=0,1,2,3,4,5,6,7,8|255,-1,null,choices=0,1,2,3,4,5,6,7,8:validation=True
palette3:7,2,0:7;0,0,0,choices=0,1,2,3,4,5,6,7|0,0,0,choices=0,1,2,3,4,5,6,7|0,0,0,choices=0,1,2,3,4,5,6,7:2;0,0,0,choices=0,1,2,3,4,5,6,7|0,0,0,choices=0,1,2,3,4,5,6,7|0,0,0,choices=0,1,2,3,4,5,6,7:2;0,0,0,choices=0,1,2,3,4,5,6,7|0,0,0,choices=0,1,2,3,4,5,6,7|0,0,0,choices=0,1,2,3,4,5,6,7:validation=True
palette3:7,2,1:7;1,1,1,choices=0,1,2,3,4,5,6,7|1,1,1,choices=0,1,2,3,4,5,6,7|1,1,1,choices=0,1,2,3,4,5,6,7:2;1,1,1,choices=0,1,2,3,4,5,6,7|1,1,1,choices=0,1,2,3,4,5,6,7|1,1,1,choices=0,1,2,3,4,5,6,7:2;1,1,1,choices=0,1,2,3,4,5,6,7|1,1,1,choices=0,1,2,3,4,5,6,7|1,1,1,choices=0,1,2,3,4,5,6,7:validation=True
palette3:7,2,2:7;2,2,2,choices=0,1,2,3,4,5,6,7|2,2,2,choices=0,1,2,3,4,5,6,7|2,2,2,choices=0,1,2,3,4,5,6,7:2;2,2,2,choices=0,1,2,3,4,5,6,7|2,2,2,choices=0,1,2,3,4,5,6,7|2,2,2,choices=0,1,2,3,4,5,6,7:2;2,2,2,choices=0,1,2,3,4,5,6,7|2,2,2,choices=0,1,2,3,4,5,6,7|2,2,2,choices=0,1,2,3,4,5,6,7:validation=True
palette3:7,2,3:7;3,3,3,choices=0,1,2,3,4,5,6,7|3,3,3,choices=0,1,2,3,4,5,6,7|3,3,3,choices=0,1,2,3,4,5,6,7:2;3,3,3,choices=0,1,2,3,4,5,6,7|3,3,3,choices=0,1,2,3,4,5,6,7|3,3,3,choices=0,1,2,3,4,5,6,7:2;3,3,3,choices=0,1,2,3,4,5,6,7|3,3,3,choices=0,1,2,3,4,5,6,7|3,3,3,choices=0,1,2,3,4,5,6,7:validation=True
palette3:7,2,4:7;4,4,4,choices=0,1,2,3,4,5,6,7|4,4,4,choices=0,1,2,3,4,5,6,7|4,4,4,choices=0,1,2,3,4,5,6,7:2;4,4,4,choices=0,1,2,3,4,5,6,7|4,4,4,choices=0,1,2,3,4,5,6,7|4,4,4,choices=0,1,2,3,4,5,6,7:2;4,4,4,choices=0,1,2,3,4,5,6,7|4,4,4,choices=0,1,2,3,4,5,6,7|4,4,4,choices=0,1,2,3,4,5,6,7:validation=True
palette3:7,2,5:7;5,5,5,choices=0,1,2,3,4,5,6,7|5,5,5,choices=0,1,2,3,4,5,6,7|5,5,5,choices=0,1,2,3,4,5,6,7:2;5,5,5,choices=0,1,2,3,4,5,6,7|5,5,5,choices=0,1,2,3,4,5,6,7|5,5,5,choices=0,1,2,3,4,5,6,7:2;5,5,5,choices=0,1,2,3,4,5,6,7|5,5,5,choices=0,1,2,3,4,5,6,7|5,5,5,choices=0,1,2,3,4,5,6,7:validation=True
palette3:7,2,6:7;6,6,6,choices=0,1,2,3,4,5,6,7|6,6,6,choices=0,1,2,3,4,5,6,7|6,6,6,choices=0,1,2,3,4,5,6,7:2;6,6,6,choices=0,1,2,3,4,5,6,7|6,6,6,choices=0,1,2,3,4,5,6,7|6,6,6,choices=0,1,2,3,4,5,6,7:2;6,6,6,choices=0,1,2,3,4,5,6,7|6,6,6,choices=0,1,2,3,4,5,6,7|6,6,6,choices=0,1,2,3,4,5,6,7:validation=True
palette3:7,2,7:7;7,7,7,choices=0,1,2,3,4,5,6,7|7,7,7,choices=0,1,2,3,4,5,6,7|7,7,7,choices=0,1,2,3,4,5,6,7:2;7,7,7,choices=0,1,2,3,4,5,6,7|7,7,7,choices=0,1,2,3,4,5,6,7|7,7,7,choices=0,1,2,3,4,5,6,7:2;7,7,7,choices=0,1,2,3,4,5,6,7|7,7,7,choices=0,1,2,3,4,5,6,7|7,7,7,choices=0,1,2,3,4,5,6,7:validation=True
palette3:7,2,8:7;8,-1,null,choices=0,1,2,3,4,5,6,7|8,-1,null,choices=0,1,2,3,4,5,6,7|8,-1,null,choices=0,1,2,3,4,5,6,7:2;8,-1,null,choices=0,1,2,3,4,5,6,7|8,-1,null,choices=0,1,2,3,4,5,6,7|8,-1,null,choices=0,1,2,3,4,5,6,7:2;8,-1,null,choices=0,1,2,3,4,5,6,7|8,-1,null,choices=0,1,2,3,4,5,6,7|8,-1,null,choices=0,1,2,3,4,5,6,7:validation=True
palette3:7,2,9:7;9,-1,null,choices=0,1,2,3,4,5,6,7|9,-1,null,choices=0,1,2,3,4,5,6,7|9,-1,null,choices=0,1,2,3,4,5,6,7:2;9,-1,null,choices=0,1,2,3,4,5,6,7|9,-1,null,choices=0,1,2,3,4,5,6,7|9,-1,null,choices=0,1,2,3,4,5,6,7:2;9,-1,null,choices=0,1,2,3,4,5,6,7|9,-1,null,choices=0,1,2,3,4,5,6,7|9,-1,null,choices=0,1,2,3,4,5,6,7:validation=True
palette3:7,2,39:7;39,-1,null,choices=0,1,2,3,4,5,6,7|39,-1,null,choices=0,1,2,3,4,5,6,7|39,-1,null,choices=0,1,2,3,4,5,6,7:2;39,-1,null,choices=0,1,2,3,4,5,6,7|39,-1,null,choices=0,1,2,3,4,5,6,7|39,-1,null,choices=0,1,2,3,4,5,6,7:2;39,-1,null,choices=0,1,2,3,4,5,6,7|39,-1,null,choices=0,1,2,3,4,5,6,7|39,-1,null,choices=0,1,2,3,4,5,6,7:validation=True
palette3:7,2,254:7;254,-1,null,choices=0,1,2,3,4,5,6,7|254,-1,null,choices=0,1,2,3,4,5,6,7|254,-1,null,choices=0,1,2,3,4,5,6,7:2;254,-1,null,choices=0,1,2,3,4,5,6,7|254,-1,null,choices=0,1,2,3,4,5,6,7|254,-1,null,choices=0,1,2,3,4,5,6,7:2;254,-1,null,choices=0,1,2,3,4,5,6,7|254,-1,null,choices=0,1,2,3,4,5,6,7|254,-1,null,choices=0,1,2,3,4,5,6,7:validation=True
palette3:7,2,255:7;255,-1,null,choices=0,1,2,3,4,5,6,7|255,-1,null,choices=0,1,2,3,4,5,6,7|255,-1,null,choices=0,1,2,3,4,5,6,7:2;255,-1,null,choices=0,1,2,3,4,5,6,7|255,-1,null,choices=0,1,2,3,4,5,6,7|255,-1,null,choices=0,1,2,3,4,5,6,7:2;255,-1,null,choices=0,1,2,3,4,5,6,7|255,-1,null,choices=0,1,2,3,4,5,6,7|255,-1,null,choices=0,1,2,3,4,5,6,7:validation=True
palette3:7,3,0:7;0,0,0,choices=0,1,2,3,4,5,6,7|0,0,0,choices=0,1,2,3,4,5,6,7|0,0,0,choices=0,1,2,3,4,5,6,7:3;0,0,0,choices=0,1,2,3,4,5,6,7|0,0,0,choices=0,1,2,3,4,5,6,7|0,0,0,choices=0,1,2,3,4,5,6,7:3;0,0,0,choices=0,1,2,3,4,5,6,7|0,0,0,choices=0,1,2,3,4,5,6,7|0,0,0,choices=0,1,2,3,4,5,6,7:validation=True
palette3:7,3,1:7;1,1,1,choices=0,1,2,3,4,5,6,7|1,1,1,choices=0,1,2,3,4,5,6,7|1,1,1,choices=0,1,2,3,4,5,6,7:3;1,1,1,choices=0,1,2,3,4,5,6,7|1,1,1,choices=0,1,2,3,4,5,6,7|1,1,1,choices=0,1,2,3,4,5,6,7:3;1,1,1,choices=0,1,2,3,4,5,6,7|1,1,1,choices=0,1,2,3,4,5,6,7|1,1,1,choices=0,1,2,3,4,5,6,7:validation=True
palette3:7,3,2:7;2,2,2,choices=0,1,2,3,4,5,6,7|2,2,2,choices=0,1,2,3,4,5,6,7|2,2,2,choices=0,1,2,3,4,5,6,7:3;2,2,2,choices=0,1,2,3,4,5,6,7|2,2,2,choices=0,1,2,3,4,5,6,7|2,2,2,choices=0,1,2,3,4,5,6,7:3;2,2,2,choices=0,1,2,3,4,5,6,7|2,2,2,choices=0,1,2,3,4,5,6,7|2,2,2,choices=0,1,2,3,4,5,6,7:validation=True
palette3:7,3,3:7;3,3,3,choices=0,1,2,3,4,5,6,7|3,3,3,choices=0,1,2,3,4,5,6,7|3,3,3,choices=0,1,2,3,4,5,6,7:3;3,3,3,choices=0,1,2,3,4,5,6,7|3,3,3,choices=0,1,2,3,4,5,6,7|3,3,3,choices=0,1,2,3,4,5,6,7:3;3,3,3,choices=0,1,2,3,4,5,6,7|3,3,3,choices=0,1,2,3,4,5,6,7|3,3,3,choices=0,1,2,3,4,5,6,7:validation=True
palette3:7,3,4:7;4,4,4,choices=0,1,2,3,4,5,6,7|4,4,4,choices=0,1,2,3,4,5,6,7|4,4,4,choices=0,1,2,3,4,5,6,7:3;4,4,4,choices=0,1,2,3,4,5,6,7|4,4,4,choices=0,1,2,3,4,5,6,7|4,4,4,choices=0,1,2,3,4,5,6,7:3;4,4,4,choices=0,1,2,3,4,5,6,7|4,4,4,choices=0,1,2,3,4,5,6,7|4,4,4,choices=0,1,2,3,4,5,6,7:validation=True
palette3:7,3,5:7;5,5,5,choices=0,1,2,3,4,5,6,7|5,5,5,choices=0,1,2,3,4,5,6,7|5,5,5,choices=0,1,2,3,4,5,6,7:3;5,5,5,choices=0,1,2,3,4,5,6,7|5,5,5,choices=0,1,2,3,4,5,6,7|5,5,5,choices=0,1,2,3,4,5,6,7:3;5,5,5,choices=0,1,2,3,4,5,6,7|5,5,5,choices=0,1,2,3,4,5,6,7|5,5,5,choices=0,1,2,3,4,5,6,7:validation=True
palette3:7,3,6:7;6,6,6,choices=0,1,2,3,4,5,6,7|6,6,6,choices=0,1,2,3,4,5,6,7|6,6,6,choices=0,1,2,3,4,5,6,7:3;6,6,6,choices=0,1,2,3,4,5,6,7|6,6,6,choices=0,1,2,3,4,5,6,7|6,6,6,choices=0,1,2,3,4,5,6,7:3;6,6,6,choices=0,1,2,3,4,5,6,7|6,6,6,choices=0,1,2,3,4,5,6,7|6,6,6,choices=0,1,2,3,4,5,6,7:validation=True
palette3:7,3,7:7;7,7,7,choices=0,1,2,3,4,5,6,7|7,7,7,choices=0,1,2,3,4,5,6,7|7,7,7,choices=0,1,2,3,4,5,6,7:3;7,7,7,choices=0,1,2,3,4,5,6,7|7,7,7,choices=0,1,2,3,4,5,6,7|7,7,7,choices=0,1,2,3,4,5,6,7:3;7,7,7,choices=0,1,2,3,4,5,6,7|7,7,7,choices=0,1,2,3,4,5,6,7|7,7,7,choices=0,1,2,3,4,5,6,7:validation=True
palette3:7,3,8:7;8,-1,null,choices=0,1,2,3,4,5,6,7|8,-1,null,choices=0,1,2,3,4,5,6,7|8,-1,null,choices=0,1,2,3,4,5,6,7:3;8,-1,null,choices=0,1,2,3,4,5,6,7|8,-1,null,choices=0,1,2,3,4,5,6,7|8,-1,null,choices=0,1,2,3,4,5,6,7:3;8,-1,null,choices=0,1,2,3,4,5,6,7|8,-1,null,choices=0,1,2,3,4,5,6,7|8,-1,null,choices=0,1,2,3,4,5,6,7:validation=True
palette3:7,3,9:7;9,-1,null,choices=0,1,2,3,4,5,6,7|9,-1,null,choices=0,1,2,3,4,5,6,7|9,-1,null,choices=0,1,2,3,4,5,6,7:3;9,-1,null,choices=0,1,2,3,4,5,6,7|9,-1,null,choices=0,1,2,3,4,5,6,7|9,-1,null,choices=0,1,2,3,4,5,6,7:3;9,-1,null,choices=0,1,2,3,4,5,6,7|9,-1,null,choices=0,1,2,3,4,5,6,7|9,-1,null,choices=0,1,2,3,4,5,6,7:validation=True
palette3:7,3,39:7;39,-1,null,choices=0,1,2,3,4,5,6,7|39,-1,null,choices=0,1,2,3,4,5,6,7|39,-1,null,choices=0,1,2,3,4,5,6,7:3;39,-1,null,choices=0,1,2,3,4,5,6,7|39,-1,null,choices=0,1,2,3,4,5,6,7|39,-1,null,choices=0,1,2,3,4,5,6,7:3;39,-1,null,choices=0,1,2,3,4,5,6,7|39,-1,null,choices=0,1,2,3,4,5,6,7|39,-1,null,choices=0,1,2,3,4,5,6,7:validation=True
palette3:7,3,254:7;254,-1,null,choices=0,1,2,3,4,5,6,7|254,-1,null,choices=0,1,2,3,4,5,6,7|254,-1,null,choices=0,1,2,3,4,5,6,7:3;254,-1,null,choices=0,1,2,3,4,5,6,7|254,-1,null,choices=0,1,2,3,4,5,6,7|254,-1,null,choices=0,1,2,3,4,5,6,7:3;254,-1,null,choices=0,1,2,3,4,5,6,7|254,-1,null,choices=0,1,2,3,4,5,6,7|254,-1,null,choices=0,1,2,3,4,5,6,7:validation=True
palette3:7,3,255:7;255,-1,null,choices=0,1,2,3,4,5,6,7|255,-1,null,choices=0,1,2,3,4,5,6,7|255,-1,null,choices=0,1,2,3,4,5,6,7:3;255,-1,null,choices=0,1,2,3,4,5,6,7|255,-1,null,choices=0,1,2,3,4,5,6,7|255,-1,null,choices=0,1,2,3,4,5,6,7:3;255,-1,null,choices=0,1,2,3,4,5,6,7|255,-1,null,choices=0,1,2,3,4,5,6,7|255,-1,null,choices=0,1,2,3,4,5,6,7:validation=True
